v1,v2,edgeweight
k__Bacteria|p__Firmicutes|c__Clostridia|o__Eubacteriales|f__Oscillospiraceae|g__Hominilimicola|s__Hominilimicola_fabiformis|t__SGB4269,k__Bacteria|p__Bacteroidota|c__Bacteroidia|o__Bacteroidales|f__Rikenellaceae|g__Alistipes|s__Alistipes_senegalensis|t__SGB2296,0.022918207047130656
k__Bacteria|p__Firmicutes|c__Clostridia|o__Eubacteriales|f__Oscillospiraceae|g__GGB143497|s__GGB143497_SGB15224|t__SGB15224,k__Bacteria|p__Actinomycetota|c__Coriobacteriia|o__Coriobacteriales|f__Coriobacteriaceae|g__Collinsella|s__Collinsella_aerofaciens|t__SGB14535_group,0.07266044325706994
k__Bacteria|p__Firmicutes|c__Clostridia|o__Eubacteriales|f__Oscillospiraceae|g__GGB143497|s__GGB143497_SGB15224|t__SGB15224,k__Bacteria|p__Bacteroidota|c__Bacteroidia|o__Bacteroidales|f__Rikenellaceae|g__Alistipes|s__Alistipes_indistinctus|t__SGB2325,0.2675851081420929
k__Bacteria|p__Firmicutes|c__Clostridia|o__Eubacteriales|f__Oscillospiraceae|g__GGB143497|s__GGB143497_SGB15224|t__SGB15224,k__Bacteria|p__Firmicutes|c__Clostridia|o__Eubacteriales|f__Eubacteriaceae|g__GGB3281|s__GGB3281_SGB4335|t__SGB4335,0.00846360271722113
k__Bacteria|p__Firmicutes|c__Clostridia|o__Eubacteriales|f__Oscillospiraceae|g__GGB143497|s__GGB143497_SGB15224|t__SGB15224,k__Bacteria|p__Firmicutes|c__Clostridia|o__Eubacteriales|f__Oscillospiraceae|g__GGB9708|s__GGB9708_SGB15236|t__SGB15236,0.340390782018533
k__Bacteria|p__Firmicutes|c__Clostridia|o__Eubacteriales|f__Oscillospiraceae|g__GGB143497|s__GGB143497_SGB15224|t__SGB15224,k__Bacteria|p__Firmicutes|c__CFGB1354|o__OFGB1354|f__FGB1354|g__GGB3304|s__GGB3304_SGB4367|t__SGB4367,0.09801988324821209
k__Bacteria|p__Firmicutes|c__Clostridia|o__Eubacteriales|f__Oscillospiraceae|g__GGB143497|s__GGB143497_SGB15224|t__SGB15224,k__Bacteria|p__Verrucomicrobiota|c__Verrucomicrobiia|o__Verrucomicrobiales|f__Akkermansiaceae|g__Akkermansia|s__Akkermansia_muciniphila|t__SGB9226,0.10607331160880495
k__Bacteria|p__Firmicutes|c__CFGB73223|o__OFGB73223|f__FGB73223|g__GGB9249|s__GGB9249_SGB14193|t__SGB14193,k__Bacteria|p__Firmicutes|c__CFGB3054|o__OFGB3054|f__FGB3054|g__GGB9691|s__GGB9691_SGB15198|t__SGB15198,0.19952779645536767
k__Bacteria|p__Firmicutes|c__CFGB73223|o__OFGB73223|f__FGB73223|g__GGB9249|s__GGB9249_SGB14193|t__SGB14193,k__Bacteria|p__Firmicutes|c__CFGB94588|o__OFGB94588|f__FGB94588|g__GGB51647|s__GGB51647_SGB4348|t__SGB4348,0.02396483426654117
k__Bacteria|p__Firmicutes|c__CFGB73223|o__OFGB73223|f__FGB73223|g__GGB9249|s__GGB9249_SGB14193|t__SGB14193,k__Bacteria|p__Firmicutes|c__CFGB2875|o__OFGB2875|f__FGB2875|g__GGB9176|s__GGB9176_SGB14114|t__SGB14114,0.12659912056709793
k__Bacteria|p__Firmicutes|c__CFGB73223|o__OFGB73223|f__FGB73223|g__GGB9249|s__GGB9249_SGB14193|t__SGB14193,k__Bacteria|p__Lentisphaerota|c__Lentisphaeria|o__Victivallales|f__Victivallaceae|g__Victivallis|s__Victivallis_lenta|t__SGB9203,0.053358848215696475
k__Bacteria|p__Firmicutes|c__CFGB73223|o__OFGB73223|f__FGB73223|g__GGB9249|s__GGB9249_SGB14193|t__SGB14193,k__Bacteria|p__Firmicutes|c__CFGB58251|o__OFGB58251|f__FGB58251|g__GGB9762|s__GGB9762_SGB15377|t__SGB15377,0.003657797185254996
k__Bacteria|p__Firmicutes|c__CFGB73223|o__OFGB73223|f__FGB73223|g__GGB9249|s__GGB9249_SGB14193|t__SGB14193,k__Bacteria|p__Bacteroidota|c__CFGB529|o__OFGB529|f__FGB529|g__GGB1093|s__GGB1093_SGB1404|t__SGB1404,0.037330894674273085
k__Bacteria|p__Firmicutes|c__CFGB73223|o__OFGB73223|f__FGB73223|g__GGB9249|s__GGB9249_SGB14193|t__SGB14193,k__Bacteria|p__Firmicutes|c__Clostridia|o__Eubacteriales|f__Beduinellaceae|g__GGB9760|s__GGB9760_SGB15374|t__SGB15374,0.055995684989693595
k__Bacteria|p__Firmicutes|c__CFGB73223|o__OFGB73223|f__FGB73223|g__GGB9249|s__GGB9249_SGB14193|t__SGB14193,k__Bacteria|p__Firmicutes|c__Clostridia|o__Eubacteriales|f__Oscillospiraceae|g__Faecalibacterium|s__Faecalibacterium_SGB15346|t__SGB15346,0.008363721288457526
k__Bacteria|p__Bacteroidota|c__Bacteroidia|o__Bacteroidales|f__Prevotellaceae|g__GGB1146|s__GGB1146_SGB1472|t__SGB1472,k__Bacteria|p__Firmicutes|c__Clostridia|o__Lachnospirales|f__Lachnospiraceae|g__Roseburia|s__Roseburia_inulinivorans|t__SGB4940,0.0246014880847773
k__Bacteria|p__Bacteroidota|c__Bacteroidia|o__Bacteroidales|f__Prevotellaceae|g__GGB1146|s__GGB1146_SGB1472|t__SGB1472,k__Bacteria|p__Actinomycetota|c__Actinomycetes|o__Bifidobacteriales|f__Bifidobacteriaceae|g__Bifidobacterium|s__Bifidobacterium_adolescentis|t__SGB17244,0.0626942465674139
k__Bacteria|p__Bacteroidota|c__Bacteroidia|o__Bacteroidales|f__Prevotellaceae|g__GGB1146|s__GGB1146_SGB1472|t__SGB1472,k__Bacteria|p__Firmicutes|c__CFGB3054|o__OFGB3054|f__FGB3054|g__GGB9690|s__GGB9690_SGB15196|t__SGB15196,0.06816034938108223
k__Bacteria|p__Bacteroidota|c__Bacteroidia|o__Bacteroidales|f__Prevotellaceae|g__GGB1146|s__GGB1146_SGB1472|t__SGB1472,k__Bacteria|p__Firmicutes|c__CFGB3023|o__OFGB3023|f__FGB3023|g__GGB9502|s__GGB9502_SGB14899|t__SGB14899,0.01640092090659595
k__Bacteria|p__Bacteroidota|c__Bacteroidia|o__Bacteroidales|f__Prevotellaceae|g__GGB1146|s__GGB1146_SGB1472|t__SGB1472,k__Bacteria|p__Pseudomonadota|c__Betaproteobacteria|o__Burkholderiales|f__Sutterellaceae|g__Sutterella|s__Sutterella_wadsworthensis|t__SGB9283,0.006258668139383083
k__Bacteria|p__Firmicutes|c__Clostridia|o__Eubacteriales|f__Butyricicoccaceae|g__Agathobaculum|s__Agathobaculum_butyriciproducens|t__SGB14993,k__Bacteria|p__Firmicutes|c__CFGB3054|o__OFGB3054|f__FGB3054|g__GGB9677|s__GGB9677_SGB15180|t__SGB15180,0.08908840810648011
k__Bacteria|p__Firmicutes|c__Clostridia|o__Eubacteriales|f__Butyricicoccaceae|g__Agathobaculum|s__Agathobaculum_butyriciproducens|t__SGB14993,k__Bacteria|p__Firmicutes|c__Clostridia|o__Eubacteriales|f__Clostridiaceae|g__Clostridium|s__Clostridium_fessum|t__SGB4705,0.029002219750325076
k__Bacteria|p__Firmicutes|c__CFGB73062|o__OFGB73062|f__FGB73062|g__GGB9059|s__GGB9059_SGB13976|t__SGB13976,k__Bacteria|p__Firmicutes|c__CFGB3054|o__OFGB3054|f__FGB3054|g__GGB9691|s__GGB9691_SGB15198|t__SGB15198,0.06450347986247051
k__Bacteria|p__Firmicutes|c__CFGB73062|o__OFGB73062|f__FGB73062|g__GGB9059|s__GGB9059_SGB13976|t__SGB13976,k__Bacteria|p__Firmicutes|c__Clostridia|o__Eubacteriales|f__Oscillospiraceae|g__GGB9636|s__GGB9636_SGB15107|t__SGB15107,0.4038945081881705
k__Bacteria|p__Firmicutes|c__Clostridia|o__Lachnospirales|f__Lachnospiraceae|g__GGB3619|s__GGB3619_SGB4894|t__SGB4894,k__Bacteria|p__Firmicutes|c__CFGB72924|o__OFGB72924|f__FGB72924|g__GGB3612|s__GGB3612_SGB4882|t__SGB4882,0.24040426391761682
k__Bacteria|p__Firmicutes|c__Clostridia|o__Lachnospirales|f__Lachnospiraceae|g__GGB3619|s__GGB3619_SGB4894|t__SGB4894,k__Bacteria|p__Firmicutes|c__Clostridia|o__Eubacteriales|f__Oscillospiraceae|g__Oscillospiraceae_unclassified|s__Ruminococcaceae_bacterium_AM53_2BH|t__SGB4191,0.03865021842061234
k__Bacteria|p__Firmicutes|c__Clostridia|o__Lachnospirales|f__Lachnospiraceae|g__GGB3619|s__GGB3619_SGB4894|t__SGB4894,k__Bacteria|p__Firmicutes|c__CFGB1765|o__OFGB1765|f__FGB1765|g__GGB4585|s__GGB4585_SGB6340|t__SGB6340,0.09509564247407465
k__Bacteria|p__Firmicutes|c__Clostridia|o__Lachnospirales|f__Lachnospiraceae|g__GGB3619|s__GGB3619_SGB4894|t__SGB4894,k__Bacteria|p__Firmicutes|c__Negativicutes|o__Acidaminococcales|f__Acidaminococcaceae|g__Phascolarctobacterium|s__Phascolarctobacterium_succinatutens|t__SGB5763,0.05794907454403525
k__Bacteria|p__Firmicutes|c__Clostridia|o__Lachnospirales|f__Lachnospiraceae|g__GGB3619|s__GGB3619_SGB4894|t__SGB4894,k__Bacteria|p__Bacteroidota|c__Bacteroidia|o__Bacteroidales|f__Odoribacteraceae|g__Odoribacter|s__Odoribacter_laneus|t__SGB1792,0.019412179326258827
k__Bacteria|p__Firmicutes|c__Clostridia|o__Eubacteriales|f__Oscillospiraceae|g__GGB9634|s__GGB9634_SGB15106|t__SGB15106,k__Bacteria|p__Firmicutes|c__CFGB2875|o__OFGB2875|f__FGB2875|g__GGB9176|s__GGB9176_SGB14114|t__SGB14114,0.022818395721588836
k__Bacteria|p__Firmicutes|c__Clostridia|o__Eubacteriales|f__Oscillospiraceae|g__GGB9634|s__GGB9634_SGB15106|t__SGB15106,k__Bacteria|p__Firmicutes|c__Clostridia|o__Eubacteriales|f__Oscillospiraceae|g__GGB9707|s__GGB9707_SGB15229|t__SGB15229,0.043370837188845934
k__Bacteria|p__Firmicutes|c__Clostridia|o__Eubacteriales|f__Oscillospiraceae|g__GGB9634|s__GGB9634_SGB15106|t__SGB15106,k__Bacteria|p__Firmicutes|c__CFGB3062|o__OFGB3062|f__FGB3062|g__GGB9747|s__GGB9747_SGB15356|t__SGB15356,0.05602613317486538
k__Bacteria|p__Bacteroidota|c__Bacteroidia|o__Bacteroidales|f__Rikenellaceae|g__Alistipes|s__Alistipes_onderdonkii|t__SGB2303,k__Bacteria|p__Firmicutes|c__Clostridia|o__Eubacteriales|f__Oscillospiraceae|g__Vescimonas|s__Vescimonas_coprocola|t__SGB15089,0.02705310673733108
k__Bacteria|p__Bacteroidota|c__Bacteroidia|o__Bacteroidales|f__Rikenellaceae|g__Alistipes|s__Alistipes_onderdonkii|t__SGB2303,k__Bacteria|p__Bacteroidota|c__Bacteroidia|o__Bacteroidales|f__Rikenellaceae|g__Alistipes|s__Alistipes_finegoldii|t__SGB2301,0.17859538388398555
k__Bacteria|p__Firmicutes|c__Clostridia|o__Eubacteriales|f__Oscillospiraceae|g__Faecalibacterium|s__Faecalibacterium_butyricigenerans|t__SGB15315,k__Bacteria|p__Bacteroidota|c__CFGB1670|o__OFGB1670|f__FGB1670|g__GGB47687|s__GGB47687_SGB2286|t__SGB2286,0.02566468970651581
k__Bacteria|p__Firmicutes|c__Clostridia|o__Eubacteriales|f__Oscillospiraceae|g__Faecalibacterium|s__Faecalibacterium_butyricigenerans|t__SGB15315,k__Bacteria|p__Firmicutes|c__Clostridia|o__Eubacteriales|f__Oscillospiraceae|g__Faecalibacterium|s__Faecalibacterium_wellingii|t__SGB15340,0.12548236562421244
k__Bacteria|p__Firmicutes|c__Clostridia|o__Eubacteriales|f__Oscillospiraceae|g__Faecalibacterium|s__Faecalibacterium_butyricigenerans|t__SGB15315,k__Bacteria|p__Firmicutes|c__Clostridia|o__Lachnospirales|f__Lachnospiraceae|g__Mediterraneibacter|s__Ruminococcus_torques|t__SGB4608,0.133911917846319
k__Bacteria|p__Firmicutes|c__Clostridia|o__Eubacteriales|f__Oscillospiraceae|g__Faecalibacterium|s__Faecalibacterium_butyricigenerans|t__SGB15315,k__Bacteria|p__Firmicutes|c__Clostridia|o__Eubacteriales|f__Oscillospiraceae|g__GGB9708|s__GGB9708_SGB15233|t__SGB15233,0.04493717232295663
k__Bacteria|p__Firmicutes|c__Clostridia|o__Lachnospirales|f__Lachnospiraceae|g__Roseburia|s__Roseburia_inulinivorans|t__SGB4940,k__Bacteria|p__Firmicutes|c__Clostridia|o__Eubacteriales|f__Clostridiaceae|g__Clostridium|s__Clostridium_sp_AM49_4BH|t__SGB4652,0.009947889661062581
k__Bacteria|p__Firmicutes|c__Clostridia|o__Lachnospirales|f__Lachnospiraceae|g__Roseburia|s__Roseburia_inulinivorans|t__SGB4940,k__Bacteria|p__Firmicutes|c__Clostridia|o__Lachnospirales|f__Lachnospiraceae|g__Simiaoa|s__Simiaoa_sunii|t__SGB4910,0.03721384339748296
k__Bacteria|p__Firmicutes|c__Clostridia|o__Lachnospirales|f__Lachnospiraceae|g__Roseburia|s__Roseburia_inulinivorans|t__SGB4940,k__Bacteria|p__Firmicutes|c__CFGB1359|o__OFGB1359|f__FGB1359|g__GGB3321|s__GGB3321_SGB4395|t__SGB4395,0.14487005864113117
k__Bacteria|p__Bacteroidota|c__Bacteroidia|o__Bacteroidales|f__Barnesiellaceae|g__GGB1420|s__GGB1420_SGB1957|t__SGB1957,k__Bacteria|p__Firmicutes|c__CFGB3054|o__OFGB3054|f__FGB3054|g__GGB9691|s__GGB9691_SGB15198|t__SGB15198,0.008145874155051469
k__Bacteria|p__Bacteroidota|c__Bacteroidia|o__Bacteroidales|f__Barnesiellaceae|g__GGB1420|s__GGB1420_SGB1957|t__SGB1957,k__Bacteria|p__Firmicutes|c__Clostridia|o__Lachnospirales|f__Lachnospiraceae|g__Fusicatenibacter|s__Fusicatenibacter_saccharivorans|t__SGB4874,0.06359545686047152
k__Bacteria|p__Bacteroidota|c__Bacteroidia|o__Bacteroidales|f__Barnesiellaceae|g__GGB1420|s__GGB1420_SGB1957|t__SGB1957,k__Bacteria|p__Firmicutes|c__CFGB3054|o__OFGB3054|f__FGB3054|g__GGB9690|s__GGB9690_SGB15196|t__SGB15196,0.04110952820004021
k__Bacteria|p__Bacteroidota|c__Bacteroidia|o__Bacteroidales|f__Barnesiellaceae|g__GGB1420|s__GGB1420_SGB1957|t__SGB1957,k__Bacteria|p__Verrucomicrobiota|c__Opitutia|o__Puniceicoccales|f__Puniceicoccaceae|g__GGB6123|s__GGB6123_SGB8767|t__SGB8767,0.029603100919623426
k__Bacteria|p__Firmicutes|c__Negativicutes|o__Acidaminococcales|f__Acidaminococcaceae|g__Phascolarctobacterium|s__Phascolarctobacterium_faecium|t__SGB5792,k__Bacteria|p__Firmicutes|c__Negativicutes|o__Acidaminococcales|f__Acidaminococcaceae|g__Phascolarctobacterium|s__Phascolarctobacterium_succinatutens|t__SGB5763,-0.019925016507220783
k__Bacteria|p__Firmicutes|c__Negativicutes|o__Acidaminococcales|f__Acidaminococcaceae|g__Phascolarctobacterium|s__Phascolarctobacterium_faecium|t__SGB5792,k__Bacteria|p__Bacteroidota|c__Bacteroidia|o__Bacteroidales|f__Bacteroidaceae|g__Bacteroides|s__Bacteroides_stercoris|t__SGB1830,0.13569608484762397
k__Bacteria|p__Firmicutes|c__Negativicutes|o__Acidaminococcales|f__Acidaminococcaceae|g__Phascolarctobacterium|s__Phascolarctobacterium_faecium|t__SGB5792,k__Bacteria|p__Bacteroidota|c__Bacteroidia|o__Bacteroidales|f__Bacteroidaceae|g__Bacteroides|s__Bacteroides_finegoldii|t__SGB1862,0.0638546124947571
k__Bacteria|p__Firmicutes|c__Negativicutes|o__Acidaminococcales|f__Acidaminococcaceae|g__Phascolarctobacterium|s__Phascolarctobacterium_faecium|t__SGB5792,k__Bacteria|p__Bacteroidota|c__Bacteroidia|o__Bacteroidales|f__Bacteroidaceae|g__Bacteroides|s__Bacteroides_thetaiotaomicron|t__SGB1861,0.027679467473057717
k__Bacteria|p__Firmicutes|c__Clostridia|o__Lachnospirales|f__Lachnospiraceae|g__Lachnospiraceae_unclassified|s__Lachnospiraceae_bacterium_AF58_1A|t__SGB4706,k__Bacteria|p__Bacteroidota|c__Bacteroidia|o__Bacteroidales|f__Bacteroidaceae|g__Bacteroides|s__Bacteroides_fragilis|t__SGB1855,0.02101848712969001
k__Bacteria|p__Firmicutes|c__Clostridia|o__Lachnospirales|f__Lachnospiraceae|g__Lachnospiraceae_unclassified|s__Lachnospiraceae_bacterium_AF58_1A|t__SGB4706,k__Bacteria|p__Firmicutes|c__Clostridia|o__Lachnospirales|f__Lachnospiraceae|g__Simiaoa|s__Simiaoa_sunii|t__SGB4910,0.01765339466904947
k__Bacteria|p__Firmicutes|c__Clostridia|o__Lachnospirales|f__Lachnospiraceae|g__Lachnospiraceae_unclassified|s__Lachnospiraceae_bacterium_AF58_1A|t__SGB4706,k__Bacteria|p__Pseudomonadota|c__Gammaproteobacteria|o__Pasteurellales|f__Pasteurellaceae|g__Haemophilus|s__Haemophilus_parainfluenzae|t__SGB9712_group,0.05558533046749875
k__Bacteria|p__Firmicutes|c__Clostridia|o__Eubacteriales|f__Clostridiaceae|g__Clostridium|s__Clostridium_sp_AM49_4BH|t__SGB4652,k__Bacteria|p__Bacteroidota|c__CFGB1670|o__OFGB1670|f__FGB1670|g__GGB47687|s__GGB47687_SGB2286|t__SGB2286,0.025997834274059106
k__Bacteria|p__Firmicutes|c__Clostridia|o__Eubacteriales|f__Clostridiaceae|g__Clostridium|s__Clostridium_sp_AM49_4BH|t__SGB4652,k__Bacteria|p__Firmicutes|c__Clostridia|o__Lachnospirales|f__Lachnospiraceae|g__Lachnospira|s__Lachnospira_eligens|t__SGB5082,0.11417544134796126
k__Bacteria|p__Firmicutes|c__Clostridia|o__Eubacteriales|f__Clostridiaceae|g__Clostridium|s__Clostridium_sp_AM49_4BH|t__SGB4652,k__Bacteria|p__Pseudomonadota|c__CFGB10055|o__OFGB10055|f__FGB10055|g__GGB6606|s__GGB6606_SGB9340|t__SGB9340,0.06759714513822951
k__Bacteria|p__Firmicutes|c__CFGB3054|o__OFGB3054|f__FGB3054|g__GGB9691|s__GGB9691_SGB15198|t__SGB15198,k__Bacteria|p__Actinomycetota|c__Actinomycetes|o__Bifidobacteriales|f__Bifidobacteriaceae|g__Bifidobacterium|s__Bifidobacterium_adolescentis|t__SGB17244,0.0185620537288807
k__Bacteria|p__Firmicutes|c__CFGB3054|o__OFGB3054|f__FGB3054|g__GGB9691|s__GGB9691_SGB15198|t__SGB15198,k__Bacteria|p__Firmicutes|c__CFGB3054|o__OFGB3054|f__FGB3054|g__GGB9690|s__GGB9690_SGB15196|t__SGB15196,0.09104124657200119
k__Bacteria|p__Firmicutes|c__CFGB3054|o__OFGB3054|f__FGB3054|g__GGB9691|s__GGB9691_SGB15198|t__SGB15198,k__Bacteria|p__Bacteroidota|c__Bacteroidia|o__Bacteroidales|f__Odoribacteraceae|g__Butyricimonas|s__Butyricimonas_faecalis|t__SGB1782,0.038018155881537785
k__Bacteria|p__Firmicutes|c__CFGB3054|o__OFGB3054|f__FGB3054|g__GGB9691|s__GGB9691_SGB15198|t__SGB15198,k__Bacteria|p__Firmicutes|c__Clostridia|o__Eubacteriales|f__Beduinellaceae|g__GGB9760|s__GGB9760_SGB15374|t__SGB15374,0.06857123510658159
k__Bacteria|p__Firmicutes|c__Clostridia|o__Eubacteriales|f__Eubacteriaceae|g__GGB3278|s__GGB3278_SGB4328|t__SGB4328,k__Bacteria|p__Firmicutes|c__CFGB72924|o__OFGB72924|f__FGB72924|g__GGB3612|s__GGB3612_SGB4882|t__SGB4882,0.07539071778201445
k__Bacteria|p__Firmicutes|c__Clostridia|o__Christensenellales|f__Christensenellaceae|g__Candidatus_Borkfalkia|s__Candidatus_Borkfalkia_ceftriaxoniphila|t__SGB14027,k__Bacteria|p__Actinomycetota|c__Coriobacteriia|o__Coriobacteriales|f__Coriobacteriaceae|g__Collinsella|s__Collinsella_aerofaciens|t__SGB14535_group,0.10124535181711586
k__Bacteria|p__Firmicutes|c__Clostridia|o__Christensenellales|f__Christensenellaceae|g__Candidatus_Borkfalkia|s__Candidatus_Borkfalkia_ceftriaxoniphila|t__SGB14027,k__Bacteria|p__Firmicutes|c__Clostridia|o__Eubacteriales|f__Oscillospiraceae|g__GGB9634|s__GGB9634_SGB15103|t__SGB15103,0.39573282941045107
k__Bacteria|p__Firmicutes|c__Clostridia|o__Christensenellales|f__Christensenellaceae|g__Candidatus_Borkfalkia|s__Candidatus_Borkfalkia_ceftriaxoniphila|t__SGB14027,k__Bacteria|p__Firmicutes|c__Clostridia|o__Lachnospirales|f__Lachnospiraceae|g__Anaerostipes|s__Anaerostipes_hadrus|t__SGB4540,0.018505852979513404
k__Bacteria|p__Thermodesulfobacteriota|c__Desulfovibrionia|o__Desulfovibrionales|f__Desulfovibrionaceae|g__Desulfovibrio|s__Desulfovibrio_piger|t__SGB15467,k__Bacteria|p__Firmicutes|c__Clostridia|o__Lachnospirales|f__Lachnospiraceae|g__Coprococcus|s__Coprococcus_eutactus|t__SGB5117,0.013348955137634178
k__Bacteria|p__Thermodesulfobacteriota|c__Desulfovibrionia|o__Desulfovibrionales|f__Desulfovibrionaceae|g__Desulfovibrio|s__Desulfovibrio_piger|t__SGB15467,k__Bacteria|p__Firmicutes|c__Clostridia|o__Eubacteriales|f__Oscillospiraceae|g__GGB9707|s__GGB9707_SGB15229|t__SGB15229,0.027012714809756033
k__Bacteria|p__Bacteroidota|c__Bacteroidia|o__Bacteroidales|f__Bacteroidaceae|g__Bacteroides|s__Bacteroides_salyersiae|t__SGB1857,k__Bacteria|p__Bacteroidota|c__Bacteroidia|o__Bacteroidales|f__Bacteroidaceae|g__Bacteroides|s__Bacteroides_ovatus|t__SGB1871,0.09124632068855831
k__Bacteria|p__Firmicutes|c__Clostridia|o__Eubacteriales|f__Oscillospiraceae|g__Dysosmobacter|s__Dysosmobacter_segnis|t__SGB15053,k__Bacteria|p__Firmicutes|c__Clostridia|o__Eubacteriales|f__Eubacteriales_unclassified|g__Eubacteriales_unclassified|s__Clostridiales_bacterium|t__SGB15159,-0.016931782667091222
k__Bacteria|p__Firmicutes|c__Clostridia|o__Eubacteriales|f__Oscillospiraceae|g__Dysosmobacter|s__Dysosmobacter_segnis|t__SGB15053,k__Bacteria|p__Firmicutes|c__Clostridia|o__Lachnospirales|f__Lachnospiraceae|g__Mediterraneibacter|s__Ruminococcus_torques|t__SGB4608,-6.135378721204843e-4
k__Bacteria|p__Firmicutes|c__Clostridia|o__Eubacteriales|f__Oscillospiraceae|g__Dysosmobacter|s__Dysosmobacter_segnis|t__SGB15053,k__Bacteria|p__Firmicutes|c__CFGB79315|o__OFGB79315|f__FGB79315|g__GGB9758|s__GGB9758_SGB15368|t__SGB15368,0.09959536843260902
k__Bacteria|p__Firmicutes|c__CFGB94588|o__OFGB94588|f__FGB94588|g__GGB51647|s__GGB51647_SGB4348|t__SGB4348,k__Bacteria|p__Firmicutes|c__CFGB1359|o__OFGB1359|f__FGB1359|g__GGB3321|s__GGB3321_SGB4395|t__SGB4395,0.019762002721929517
k__Bacteria|p__Firmicutes|c__CFGB94588|o__OFGB94588|f__FGB94588|g__GGB51647|s__GGB51647_SGB4348|t__SGB4348,k__Bacteria|p__Bacteroidota|c__Bacteroidia|o__Bacteroidales|f__Bacteroidaceae|g__Bacteroides|s__Bacteroides_finegoldii|t__SGB1862,0.07563687076229197
k__Bacteria|p__Bacteroidota|c__CFGB1670|o__OFGB1670|f__FGB1670|g__GGB47687|s__GGB47687_SGB2286|t__SGB2286,k__Bacteria|p__Bacteroidota|c__Bacteroidia|o__Bacteroidales|f__Bacteroidaceae|g__Bacteroides|s__Bacteroides_finegoldii|t__SGB1862,0.04924143560872274
k__Bacteria|p__Bacteroidota|c__CFGB1670|o__OFGB1670|f__FGB1670|g__GGB47687|s__GGB47687_SGB2286|t__SGB2286,k__Bacteria|p__Bacteroidota|c__Bacteroidia|o__Bacteroidales|f__Rikenellaceae|g__Alistipes|s__Alistipes_putredinis|t__SGB2318,-0.09262302222979141
k__Bacteria|p__Firmicutes|c__CFGB72924|o__OFGB72924|f__FGB72924|g__GGB3612|s__GGB3612_SGB4882|t__SGB4882,k__Bacteria|p__Pseudomonadota|c__CFGB2404|o__OFGB2404|f__FGB2404|g__GGB6612|s__GGB6612_SGB9346|t__SGB9346,0.013926020036557074
k__Bacteria|p__Firmicutes|c__CFGB72924|o__OFGB72924|f__FGB72924|g__GGB3612|s__GGB3612_SGB4882|t__SGB4882,k__Bacteria|p__Firmicutes|c__Clostridia|o__Eubacteriales|f__Oscillospiraceae|g__Faecalibacterium|s__Faecalibacterium_hattorii|t__SGB15322,0.14053705685027773
k__Bacteria|p__Firmicutes|c__CFGB72924|o__OFGB72924|f__FGB72924|g__GGB3612|s__GGB3612_SGB4882|t__SGB4882,k__Bacteria|p__Candidatus_Melainabacteria|c__Candidatus_Melainabacteria_unclassified|o__Candidatus_Gastranaerophilales|f__Candidatus_Gastranaerophilales_unclassified|g__Candidatus_Gastranaerophilales_unclassified|s__Candidatus_Gastranaerophilales_bacterium|t__SGB8601,0.012833526856329547
k__Bacteria|p__Firmicutes|c__Clostridia|o__Lachnospirales|f__Lachnospiraceae|g__Agathobacter|s__Agathobacter_rectalis|t__SGB4933,k__Bacteria|p__Firmicutes|c__Clostridia|o__Lachnospirales|f__Lachnospiraceae|g__Fusicatenibacter|s__Fusicatenibacter_saccharivorans|t__SGB4874,0.1837425176412611
k__Bacteria|p__Thermodesulfobacteriota|c__Desulfovibrionia|o__Desulfovibrionales|f__Desulfovibrionaceae|g__GGB9818|s__GGB9818_SGB15459|t__SGB15459,k__Bacteria|p__Firmicutes|c__Clostridia|o__Eubacteriales|f__Eubacteriales_unclassified|g__Eubacteriales_unclassified|s__Clostridiales_bacterium|t__SGB15159,0.01719337387630071
k__Bacteria|p__Thermodesulfobacteriota|c__Desulfovibrionia|o__Desulfovibrionales|f__Desulfovibrionaceae|g__GGB9818|s__GGB9818_SGB15459|t__SGB15459,k__Bacteria|p__Firmicutes|c__CFGB3054|o__OFGB3054|f__FGB3054|g__GGB9715|s__GGB9715_SGB15260|t__SGB15260,0.007663303894223927
k__Bacteria|p__Thermodesulfobacteriota|c__Desulfovibrionia|o__Desulfovibrionales|f__Desulfovibrionaceae|g__GGB9818|s__GGB9818_SGB15459|t__SGB15459,k__Bacteria|p__Firmicutes|c__Clostridia|o__Lachnospirales|f__Lachnospiraceae|g__Lachnospiraceae_unclassified|s__Lachnospiraceae_bacterium_OF27_8pH9A|t__SGB5077,0.16046481032044396
k__Bacteria|p__Firmicutes|c__Clostridia|o__Eubacteriales|f__Oscillospiraceae|g__GGB9602|s__GGB9602_SGB15031|t__SGB15031,k__Bacteria|p__Firmicutes|c__CFGB2875|o__OFGB2875|f__FGB2875|g__GGB9176|s__GGB9176_SGB14114|t__SGB14114,0.09460577479562632
k__Bacteria|p__Firmicutes|c__Clostridia|o__Eubacteriales|f__Oscillospiraceae|g__GGB9602|s__GGB9602_SGB15031|t__SGB15031,k__Bacteria|p__Bacteroidota|c__Bacteroidia|o__Bacteroidales|f__Odoribacteraceae|g__Odoribacter|s__Odoribacter_laneus|t__SGB1792,0.08683009132997466
k__Bacteria|p__Firmicutes|c__Clostridia|o__Eubacteriales|f__Oscillospiraceae|g__GGB9602|s__GGB9602_SGB15031|t__SGB15031,k__Bacteria|p__Firmicutes|c__CFGB9345|o__OFGB9345|f__FGB9345|g__GGB9345|s__GGB9345_SGB14311|t__SGB14311,0.04184744372687321
k__Bacteria|p__Firmicutes|c__CFGB1765|o__OFGB1765|f__FGB1765|g__GGB4599|s__GGB4599_SGB6362|t__SGB6362,k__Bacteria|p__Firmicutes|c__Clostridia|o__Eubacteriales|f__Oscillospiraceae|g__GGB3345|s__GGB3345_SGB4425|t__SGB4425,0.3037748973663372
k__Bacteria|p__Firmicutes|c__CFGB1765|o__OFGB1765|f__FGB1765|g__GGB4599|s__GGB4599_SGB6362|t__SGB6362,k__Bacteria|p__Pseudomonadota|c__CFGB2404|o__OFGB2404|f__FGB2404|g__GGB6612|s__GGB6612_SGB9346|t__SGB9346,0.003752384714996282
k__Bacteria|p__Firmicutes|c__CFGB1765|o__OFGB1765|f__FGB1765|g__GGB4599|s__GGB4599_SGB6362|t__SGB6362,k__Bacteria|p__Firmicutes|c__Clostridia|o__Lachnospirales|f__Lachnospiraceae|g__GGB74412|s__GGB74412_SGB5075|t__SGB5075,0.06550135086489645
k__Bacteria|p__Thermodesulfobacteriota|c__Desulfovibrionia|o__Desulfovibrionales|f__Desulfovibrionaceae|g__GGB9819|s__GGB9819_SGB15460|t__SGB15460,k__Bacteria|p__Firmicutes|c__Clostridia|o__Eubacteriales|f__Clostridiaceae|g__Clostridium|s__Clostridium_sp_AM22_11AC|t__SGB4749,0.14568315013154515
k__Bacteria|p__Firmicutes|c__Clostridia|o__Eubacteriales|f__Oscillospiraceae|g__Oscillospiraceae_unclassified|s__Ruminococcaceae_bacterium_AM53_2BH|t__SGB4191,k__Bacteria|p__Firmicutes|c__CFGB1359|o__OFGB1359|f__FGB1359|g__GGB3321|s__GGB3321_SGB4395|t__SGB4395,0.09186897812194339
k__Bacteria|p__Firmicutes|c__Clostridia|o__Eubacteriales|f__Oscillospiraceae|g__Oscillospiraceae_unclassified|s__Ruminococcaceae_bacterium_AM53_2BH|t__SGB4191,k__Bacteria|p__Bacteroidota|c__Bacteroidia|o__Bacteroidales|f__Rikenellaceae|g__Alistipes|s__Alistipes_senegalensis|t__SGB2296,0.02059096719426412
k__Bacteria|p__Firmicutes|c__CFGB2932|o__OFGB2932|f__FGB2932|g__GGB9261|s__GGB9261_SGB14209|t__SGB14209,k__Bacteria|p__Firmicutes|c__CFGB58251|o__OFGB58251|f__FGB58251|g__GGB9762|s__GGB9762_SGB15377|t__SGB15377,0.12195410903120774
k__Bacteria|p__Firmicutes|c__CFGB2932|o__OFGB2932|f__FGB2932|g__GGB9261|s__GGB9261_SGB14209|t__SGB14209,k__Bacteria|p__Firmicutes|c__Clostridia|o__Eubacteriales|f__Oscillospiraceae|g__Oscillospiraceae_unclassified|s__Eubacterium_siraeum|t__SGB4198,0.012123580583073723
k__Bacteria|p__Firmicutes|c__CFGB2932|o__OFGB2932|f__FGB2932|g__GGB9261|s__GGB9261_SGB14209|t__SGB14209,k__Bacteria|p__Verrucomicrobiota|c__Opitutia|o__Puniceicoccales|f__Puniceicoccaceae|g__GGB6123|s__GGB6123_SGB8767|t__SGB8767,0.11100156601725863
k__Bacteria|p__Firmicutes|c__CFGB2932|o__OFGB2932|f__FGB2932|g__GGB9261|s__GGB9261_SGB14209|t__SGB14209,k__Bacteria|p__Firmicutes|c__Clostridia|o__Eubacteriales|f__Oscillospiraceae|g__GGB9708|s__GGB9708_SGB15233|t__SGB15233,0.05806453152171204
k__Bacteria|p__Firmicutes|c__CFGB2932|o__OFGB2932|f__FGB2932|g__GGB9261|s__GGB9261_SGB14209|t__SGB14209,k__Bacteria|p__Bacteroidota|c__Bacteroidia|o__Bacteroidales|f__Rikenellaceae|g__Alistipes|s__Alistipes_ihumii|t__SGB2328,-0.023231553233192037
k__Bacteria|p__Firmicutes|c__CFGB2875|o__OFGB2875|f__FGB2875|g__GGB9176|s__GGB9176_SGB14114|t__SGB14114,k__Bacteria|p__Firmicutes|c__Clostridia|o__Lachnospirales|f__Lachnospiraceae|g__Faecalicatena|s__Faecalicatena_fissicatena|t__SGB4871,0.07004306919785791
k__Bacteria|p__Firmicutes|c__CFGB2875|o__OFGB2875|f__FGB2875|g__GGB9176|s__GGB9176_SGB14114|t__SGB14114,k__Bacteria|p__Firmicutes|c__Clostridia|o__Eubacteriales|f__Eubacteriales_incertae_sedis|g__Candidatus_Cibionibacter|s__Candidatus_Cibionibacter_quicibialis|t__SGB15286,0.08411551333903144
k__Bacteria|p__Bacteroidota|c__CFGB629|o__OFGB629|f__FGB629|g__GGB1495|s__GGB1495_SGB2071|t__SGB2071,k__Bacteria|p__Bacteroidota|c__Bacteroidia|o__Bacteroidales|f__Odoribacteraceae|g__Butyricimonas|s__Butyricimonas_faecalis|t__SGB1782,0.24721018662445493
k__Bacteria|p__Firmicutes|c__Clostridia|o__Eubacteriales|f__Eubacteriales_unclassified|g__Eubacteriales_unclassified|s__Clostridiales_bacterium|t__SGB15159,k__Bacteria|p__Firmicutes|c__CFGB1359|o__OFGB1359|f__FGB1359|g__GGB3321|s__GGB3321_SGB4395|t__SGB4395,0.012157063430873583
k__Bacteria|p__Firmicutes|c__Clostridia|o__Eubacteriales|f__Eubacteriales_unclassified|g__Eubacteriales_unclassified|s__Clostridiales_bacterium|t__SGB15159,k__Bacteria|p__Firmicutes|c__Clostridia|o__Lachnospirales|f__Lachnospiraceae|g__Mediterraneibacter|s__Ruminococcus_torques|t__SGB4608,0.14861740590002215
k__Bacteria|p__Firmicutes|c__Clostridia|o__Eubacteriales|f__Eubacteriales_unclassified|g__Eubacteriales_unclassified|s__Clostridiales_bacterium|t__SGB15159,k__Bacteria|p__Bacteroidota|c__Bacteroidia|o__Bacteroidales|f__Tannerellaceae|g__Parabacteroides|s__Parabacteroides_distasonis|t__SGB1934,0.002862798299435809
k__Bacteria|p__Bacteroidota|c__Bacteroidia|o__Bacteroidales|f__Tannerellaceae|g__Parabacteroides|s__Parabacteroides_johnsonii|t__SGB1948,k__Bacteria|p__Firmicutes|c__Clostridia|o__Eubacteriales|f__Oscillospiraceae|g__Ruthenibacterium|s__Ruthenibacterium_lactatiformans|t__SGB15271,0.2605900119548523
k__Bacteria|p__Bacteroidota|c__Bacteroidia|o__Bacteroidales|f__Tannerellaceae|g__Parabacteroides|s__Parabacteroides_johnsonii|t__SGB1948,k__Bacteria|p__Bacteroidota|c__Bacteroidia|o__Bacteroidales|f__Odoribacteraceae|g__Butyricimonas|s__Butyricimonas_virosa|t__SGB1784,0.004686687225547659
k__Bacteria|p__Firmicutes|c__Clostridia|o__Eubacteriales|f__Oscillospiraceae|g__GGB3345|s__GGB3345_SGB4425|t__SGB4425,k__Bacteria|p__Firmicutes|c__Clostridia|o__Lachnospirales|f__Lachnospiraceae|g__Wujia|s__Wujia_chipingensis|t__SGB5111,0.09206576152643647
k__Bacteria|p__Firmicutes|c__Clostridia|o__Eubacteriales|f__Oscillospiraceae|g__Ruthenibacterium|s__Ruthenibacterium_lactatiformans|t__SGB15271,k__Bacteria|p__Thermodesulfobacteriota|c__Desulfovibrionia|o__Desulfovibrionales|f__Desulfovibrionaceae|g__GGB9813|s__GGB9813_SGB15447|t__SGB15447,0.07264292570211234
k__Bacteria|p__Firmicutes|c__Clostridia|o__Eubacteriales|f__Oscillospiraceae|g__Ruthenibacterium|s__Ruthenibacterium_lactatiformans|t__SGB15271,k__Bacteria|p__Bacteroidota|c__Bacteroidia|o__Bacteroidales|f__Barnesiellaceae|g__Coprobacter|s__Coprobacter_secundus|t__SGB1962,0.06238947656077104
k__Bacteria|p__Firmicutes|c__Clostridia|o__Eubacteriales|f__Oscillospiraceae|g__Ruthenibacterium|s__Ruthenibacterium_lactatiformans|t__SGB15271,k__Bacteria|p__Firmicutes|c__Clostridia|o__Eubacteriales|f__Oscillospiraceae|g__Flavonifractor|s__Flavonifractor_plautii|t__SGB15132,0.25710098313946184
k__Bacteria|p__Firmicutes|c__Clostridia|o__Eubacteriales|f__Oscillospiraceae|g__Ruminococcus|s__Ruminococcus_callidus|t__SGB4422,k__Bacteria|p__Firmicutes|c__CFGB3054|o__OFGB3054|f__FGB3054|g__GGB9715|s__GGB9715_SGB15260|t__SGB15260,0.04986210638143085
k__Bacteria|p__Firmicutes|c__Clostridia|o__Eubacteriales|f__Oscillospiraceae|g__Ruminococcus|s__Ruminococcus_callidus|t__SGB4422,k__Bacteria|p__Firmicutes|c__Negativicutes|o__Selenomonadales|f__Selenomonadaceae|g__Mitsuokella|s__Mitsuokella_jalaludinii|t__SGB5904,0.018625401338209724
k__Bacteria|p__Firmicutes|c__Clostridia|o__Eubacteriales|f__Oscillospiraceae|g__Ruminococcus|s__Ruminococcus_callidus|t__SGB4422,k__Bacteria|p__Pseudomonadota|c__Gammaproteobacteria|o__Pasteurellales|f__Pasteurellaceae|g__Haemophilus|s__Haemophilus_parainfluenzae|t__SGB9712_group,0.1126150634513497
k__Bacteria|p__Firmicutes|c__Clostridia|o__Eubacteriales|f__Oscillospiraceae|g__Ruminococcus|s__Ruminococcus_callidus|t__SGB4422,k__Bacteria|p__Bacteroidota|c__Bacteroidia|o__Bacteroidales|f__Prevotellaceae|g__Segatella|s__Segatella_sinensis|t__SGB1644,0.06854144720409844
k__Bacteria|p__Firmicutes|c__Clostridia|o__Eubacteriales|f__Oscillospiraceae|g__Ruminococcus|s__Ruminococcus_callidus|t__SGB4422,k__Bacteria|p__Firmicutes|c__CFGB3054|o__OFGB3054|f__FGB3054|g__GGB9715|s__GGB9715_SGB15265|t__SGB15265,0.049256512482039494
k__Bacteria|p__Lentisphaerota|c__Lentisphaeria|o__Victivallales|f__Victivallaceae|g__Victivallis|s__Victivallis_lenta|t__SGB9203,k__Bacteria|p__Firmicutes|c__Clostridia|o__Lachnospirales|f__Anaerotignaceae|g__Anaerotignum|s__Anaerotignum_faecicola|t__SGB5190,-0.03411869176796295
k__Bacteria|p__Lentisphaerota|c__Lentisphaeria|o__Victivallales|f__Victivallaceae|g__Victivallis|s__Victivallis_lenta|t__SGB9203,k__Bacteria|p__Verrucomicrobiota|c__Opitutia|o__Puniceicoccales|f__Puniceicoccaceae|g__GGB6123|s__GGB6123_SGB8767|t__SGB8767,0.5003579656592094
k__Bacteria|p__Firmicutes|c__Clostridia|o__Eubacteriales|f__Oscillospiraceae|g__Brotocaccenecus|s__Brotocaccenecus_cirricatena|t__SGB15091,k__Bacteria|p__Firmicutes|c__Clostridia|o__Lachnospirales|f__Lachnospiraceae|g__GGB74412|s__GGB74412_SGB5075|t__SGB5075,0.016054762087267638
k__Bacteria|p__Firmicutes|c__Clostridia|o__Eubacteriales|f__Oscillospiraceae|g__Brotocaccenecus|s__Brotocaccenecus_cirricatena|t__SGB15091,k__Bacteria|p__Firmicutes|c__Clostridia|o__Lachnospirales|f__Lachnospiraceae|g__Dorea|s__Dorea_longicatena|t__SGB4581,0.06900298535456634
k__Bacteria|p__Bacteroidota|c__Bacteroidia|o__Bacteroidales|f__Odoribacteraceae|g__Butyricimonas|s__Butyricimonas_paravirosa|t__SGB1786,k__Bacteria|p__Bacteroidota|c__Bacteroidia|o__Bacteroidales|f__Bacteroidaceae|g__Bacteroides|s__Bacteroides_faecis|t__SGB1860,0.037257407528781594
k__Bacteria|p__Bacteroidota|c__Bacteroidia|o__Bacteroidales|f__Odoribacteraceae|g__Butyricimonas|s__Butyricimonas_paravirosa|t__SGB1786,k__Bacteria|p__Bacteroidota|c__Bacteroidia|o__Bacteroidales|f__Barnesiellaceae|g__Barnesiella|s__Barnesiella_intestinihominis|t__SGB1965,0.014238038187177227
k__Bacteria|p__Firmicutes|c__CFGB14936|o__OFGB14936|f__FGB14936|g__GGB3256|s__GGB3256_SGB4303|t__SGB4303,k__Bacteria|p__Firmicutes|c__Clostridia|o__Eubacteriales|f__Oscillospiraceae|g__Vescimonas|s__Vescimonas_coprocola|t__SGB15089,0.17972365334260487
k__Bacteria|p__Firmicutes|c__Clostridia|o__Lachnospirales|f__Anaerotignaceae|g__Anaerotignum|s__Anaerotignum_faecicola|t__SGB5190,k__Bacteria|p__Bacteroidota|c__Bacteroidia|o__Bacteroidales|f__Rikenellaceae|g__Alistipes|s__Alistipes_ihumii|t__SGB2328,0.01703206569049287
k__Bacteria|p__Firmicutes|c__Clostridia|o__Lachnospirales|f__Anaerotignaceae|g__Anaerotignum|s__Anaerotignum_faecicola|t__SGB5190,k__Bacteria|p__Bacteroidota|c__CFGB667|o__OFGB667|f__FGB667|g__GGB1662|s__GGB1662_SGB2276|t__SGB2276,-0.04166577564341284
k__Bacteria|p__Firmicutes|c__Clostridia|o__Lachnospirales|f__Anaerotignaceae|g__Anaerotignum|s__Anaerotignum_faecicola|t__SGB5190,k__Bacteria|p__Firmicutes|c__Clostridia|o__Eubacteriales|f__Oscillospiraceae|g__GGB9699|s__GGB9699_SGB15216|t__SGB15216,0.03159285331274542
k__Bacteria|p__Firmicutes|c__Clostridia|o__Lachnospirales|f__Anaerotignaceae|g__Anaerotignum|s__Anaerotignum_faecicola|t__SGB5190,k__Bacteria|p__Firmicutes|c__Clostridia|o__Eubacteriales|f__Clostridiaceae|g__Clostridiaceae_unclassified|s__Clostridiaceae_bacterium|t__SGB4721,0.08412833354178528
k__Bacteria|p__Firmicutes|c__Clostridia|o__Eubacteriales|f__Oscillospiraceae|g__Ruminococcus|s__Ruminococcus_bromii|t__SGB4290,k__Bacteria|p__Firmicutes|c__Clostridia|o__Eubacteriales|f__Oscillospiraceae|g__GGB9621|s__GGB9621_SGB15073|t__SGB15073,-0.015571249350528726
k__Bacteria|p__Actinomycetota|c__Coriobacteriia|o__Coriobacteriales|f__Coriobacteriaceae|g__Collinsella|s__Collinsella_aerofaciens|t__SGB14535_group,k__Bacteria|p__Firmicutes|c__Clostridia|o__Eubacteriales|f__Oscillospiraceae|g__GGB9634|s__GGB9634_SGB15103|t__SGB15103,0.20691380133551907
k__Bacteria|p__Actinomycetota|c__Coriobacteriia|o__Coriobacteriales|f__Coriobacteriaceae|g__Collinsella|s__Collinsella_aerofaciens|t__SGB14535_group,k__Bacteria|p__Firmicutes|c__Clostridia|o__Lachnospirales|f__Lachnospiraceae|g__Coprococcus|s__Coprococcus_comes|t__SGB4577,0.10131510534030985
k__Bacteria|p__Actinomycetota|c__Coriobacteriia|o__Coriobacteriales|f__Coriobacteriaceae|g__Collinsella|s__Collinsella_aerofaciens|t__SGB14535_group,k__Bacteria|p__Firmicutes|c__Clostridia|o__Eubacteriales|f__Beduinellaceae|g__GGB9760|s__GGB9760_SGB15374|t__SGB15374,0.04028007639768694
k__Bacteria|p__Firmicutes|c__Clostridia|o__Lachnospirales|f__Lachnospiraceae|g__Lachnospira|s__Lachnospira_eligens|t__SGB5082,k__Bacteria|p__Firmicutes|c__CFGB1765|o__OFGB1765|f__FGB1765|g__GGB4585|s__GGB4585_SGB6340|t__SGB6340,0.011311213981801849
k__Bacteria|p__Firmicutes|c__Clostridia|o__Lachnospirales|f__Lachnospiraceae|g__Lachnospira|s__Lachnospira_eligens|t__SGB5082,k__Bacteria|p__Firmicutes|c__Clostridia|o__Eubacteriales|f__Clostridiaceae|g__Pilosibacter|s__Pilosibacter_fragilis|t__SGB4716,0.04096028845794175
k__Bacteria|p__Firmicutes|c__CFGB58251|o__OFGB58251|f__FGB58251|g__GGB9762|s__GGB9762_SGB15377|t__SGB15377,k__Bacteria|p__Firmicutes|c__Clostridia|o__Eubacteriales|f__Oscillospiraceae|g__Faecalibacterium|s__Faecalibacterium_wellingii|t__SGB15340,0.0030272537326573312
k__Bacteria|p__Firmicutes|c__CFGB58251|o__OFGB58251|f__FGB58251|g__GGB9762|s__GGB9762_SGB15377|t__SGB15377,k__Bacteria|p__Bacteroidota|c__CFGB529|o__OFGB529|f__FGB529|g__GGB1093|s__GGB1093_SGB1404|t__SGB1404,0.005521315350947464
k__Bacteria|p__Firmicutes|c__CFGB58251|o__OFGB58251|f__FGB58251|g__GGB9762|s__GGB9762_SGB15377|t__SGB15377,k__Bacteria|p__Firmicutes|c__CFGB9345|o__OFGB9345|f__FGB9345|g__GGB9345|s__GGB9345_SGB14311|t__SGB14311,0.029573725381820404
k__Bacteria|p__Firmicutes|c__CFGB58251|o__OFGB58251|f__FGB58251|g__GGB9762|s__GGB9762_SGB15377|t__SGB15377,k__Bacteria|p__Verrucomicrobiota|c__Verrucomicrobiia|o__Verrucomicrobiales|f__Akkermansiaceae|g__Akkermansia|s__Akkermansia_muciniphila|t__SGB9226,0.020590562462388384
k__Bacteria|p__Bacteroidota|c__Bacteroidia|o__Bacteroidales|f__Bacteroidaceae|g__Bacteroides|s__Bacteroides_fragilis|t__SGB1855,k__Bacteria|p__Bacteroidota|c__Bacteroidia|o__Bacteroidales|f__Rikenellaceae|g__Alistipes|s__Alistipes_dispar|t__SGB2311,0.01745625192999789
k__Bacteria|p__Bacteroidota|c__Bacteroidia|o__Bacteroidales|f__Bacteroidaceae|g__Bacteroides|s__Bacteroides_fragilis|t__SGB1855,k__Bacteria|p__Firmicutes|c__Clostridia|o__Eubacteriales|f__Oscillospiraceae|g__Neopoerus|s__Neopoerus_faecalis|t__SGB15049,0.03607276989330427
k__Bacteria|p__Bacteroidota|c__Bacteroidia|o__Bacteroidales|f__Bacteroidaceae|g__Bacteroides|s__Bacteroides_fragilis|t__SGB1855,k__Bacteria|p__Bacteroidota|c__Bacteroidia|o__Bacteroidales|f__Rikenellaceae|g__Alistipes|s__Alistipes_senegalensis|t__SGB2296,0.046500764337444045
k__Bacteria|p__Bacteroidota|c__Bacteroidia|o__Bacteroidales|f__Bacteroidaceae|g__Bacteroides|s__Bacteroides_fragilis|t__SGB1855,k__Bacteria|p__Pseudomonadota|c__Betaproteobacteria|o__Burkholderiales|f__Sutterellaceae|g__Parasutterella|s__Parasutterella_SGB9260|t__SGB9260,0.22575400376595212
k__Bacteria|p__Firmicutes|c__Clostridia|o__Lachnospirales|f__Lachnospiraceae|g__Coprococcus|s__Coprococcus_eutactus|t__SGB5117,k__Bacteria|p__Bacteroidota|c__Bacteroidia|o__Bacteroidales|f__Prevotellaceae|g__Segatella|s__Segatella_copri|t__SGB1626,0.1768932755222824
k__Bacteria|p__Firmicutes|c__Clostridia|o__Lachnospirales|f__Lachnospiraceae|g__Coprococcus|s__Coprococcus_eutactus|t__SGB5117,k__Bacteria|p__Firmicutes|c__Clostridia|o__Eubacteriales|f__Oscillospiraceae|g__Faecalibacterium|s__Faecalibacterium_hattorii|t__SGB15322,0.11292230073079501
k__Bacteria|p__Bacteroidota|c__Bacteroidia|o__Bacteroidales|f__Prevotellaceae|g__Segatella|s__Segatella_brunsvicensis|t__SGB1613,k__Bacteria|p__Firmicutes|c__Negativicutes|o__Selenomonadales|f__Selenomonadaceae|g__Mitsuokella|s__Mitsuokella_jalaludinii|t__SGB5904,0.044620175379158855
k__Bacteria|p__Bacteroidota|c__Bacteroidia|o__Bacteroidales|f__Prevotellaceae|g__Segatella|s__Segatella_brunsvicensis|t__SGB1613,k__Bacteria|p__Bacteroidota|c__CFGB529|o__OFGB529|f__FGB529|g__GGB1093|s__GGB1093_SGB1404|t__SGB1404,0.32079325607273435
k__Bacteria|p__Bacteroidota|c__Bacteroidia|o__Bacteroidales|f__Prevotellaceae|g__Segatella|s__Segatella_brunsvicensis|t__SGB1613,k__Bacteria|p__Firmicutes|c__CFGB3023|o__OFGB3023|f__FGB3023|g__GGB9502|s__GGB9502_SGB14899|t__SGB14899,0.03622562155478365
k__Bacteria|p__Bacteroidota|c__Bacteroidia|o__Bacteroidales|f__Prevotellaceae|g__Segatella|s__Segatella_brunsvicensis|t__SGB1613,k__Bacteria|p__Bacteroidota|c__Bacteroidia|o__Bacteroidales|f__Prevotellaceae|g__Segatella|s__Segatella_sinensis|t__SGB1644,0.07454650522875034
k__Bacteria|p__Bacteroidota|c__Bacteroidia|o__Bacteroidales|f__Prevotellaceae|g__Segatella|s__Segatella_brunsvicensis|t__SGB1613,k__Bacteria|p__Firmicutes|c__Clostridia|o__Eubacteriales|f__Beduinellaceae|g__GGB9760|s__GGB9760_SGB15374|t__SGB15374,0.0010088615443565874
k__Bacteria|p__Bacteroidota|c__Bacteroidia|o__Bacteroidales|f__Bacteroidaceae|g__Bacteroides|s__Bacteroides_uniformis|t__SGB1836,k__Bacteria|p__Bacteroidota|c__Bacteroidia|o__Bacteroidales|f__Prevotellaceae|g__Segatella|s__Segatella_copri|t__SGB1626,-0.23919763372625602
k__Bacteria|p__Bacteroidota|c__Bacteroidia|o__Bacteroidales|f__Bacteroidaceae|g__Bacteroides|s__Bacteroides_uniformis|t__SGB1836,k__Bacteria|p__Firmicutes|c__Clostridia|o__Eubacteriales|f__Oscillospiraceae|g__Dysosmobacter|s__Dysosmobacter_SGB15051|t__SGB15051,-5.119663156157306e-4
k__Bacteria|p__Bacteroidota|c__Bacteroidia|o__Bacteroidales|f__Bacteroidaceae|g__Bacteroides|s__Bacteroides_uniformis|t__SGB1836,k__Bacteria|p__Firmicutes|c__Clostridia|o__Eubacteriales|f__Eubacteriales_unclassified|g__Flintibacter|s__Flintibacter_SGB15145|t__SGB15145,-0.0316881532609844
k__Bacteria|p__Bacteroidota|c__Bacteroidia|o__Bacteroidales|f__Bacteroidaceae|g__Bacteroides|s__Bacteroides_uniformis|t__SGB1836,k__Bacteria|p__Firmicutes|c__Clostridia|o__Eubacteriales|f__Oscillospiraceae|g__Dysosmobacter|s__Dysosmobacter_welbionis|t__SGB15078,0.062478990091321185
k__Bacteria|p__Bacteroidota|c__Bacteroidia|o__Bacteroidales|f__Bacteroidaceae|g__Bacteroides|s__Bacteroides_uniformis|t__SGB1836,k__Bacteria|p__Bacteroidota|c__Bacteroidia|o__Bacteroidales|f__Bacteroidaceae|g__Phocaeicola|s__Phocaeicola_vulgatus|t__SGB1814,0.09866090576892617
k__Bacteria|p__Bacteroidota|c__Bacteroidia|o__Bacteroidales|f__Bacteroidaceae|g__Bacteroides|s__Bacteroides_uniformis|t__SGB1836,k__Bacteria|p__Bacteroidota|c__Bacteroidia|o__Bacteroidales|f__Bacteroidaceae|g__Bacteroides|s__Bacteroides_thetaiotaomicron|t__SGB1861,0.02903194153134825
k__Bacteria|p__Firmicutes|c__Clostridia|o__Eubacteriales|f__Eubacteriales_unclassified|g__Flintibacter|s__Flintibacter_hominis|t__SGB15143,k__Bacteria|p__Firmicutes|c__Negativicutes|o__Veillonellales|f__Veillonellaceae|g__Dialister|s__Dialister_invisus|t__SGB5825,0.20490861844104036
k__Bacteria|p__Firmicutes|c__Clostridia|o__Eubacteriales|f__Eubacteriales_unclassified|g__Flintibacter|s__Flintibacter_hominis|t__SGB15143,k__Bacteria|p__Firmicutes|c__Clostridia|o__Eubacteriales|f__Oscillospiraceae|g__GGB9708|s__GGB9708_SGB15234|t__SGB15234,-0.001150950932845729
k__Bacteria|p__Firmicutes|c__Clostridia|o__Eubacteriales|f__Eubacteriales_unclassified|g__Flintibacter|s__Flintibacter_hominis|t__SGB15143,k__Bacteria|p__Firmicutes|c__Clostridia|o__Eubacteriales|f__Oscillospiraceae|g__Pusillibacter|s__Pusillibacter_faecalis|t__SGB15124,0.3946332264497696
k__Bacteria|p__Firmicutes|c__Clostridia|o__Eubacteriales|f__Eubacteriales_unclassified|g__Flintibacter|s__Flintibacter_hominis|t__SGB15143,k__Bacteria|p__Firmicutes|c__Clostridia|o__Eubacteriales|f__Eubacteriales_unclassified|g__Intestinimonas|s__Intestinimonas_butyriciproducens|t__SGB15126,0.08689391704582938
k__Bacteria|p__Firmicutes|c__Clostridia|o__Eubacteriales|f__Eubacteriales_unclassified|g__Flintibacter|s__Flintibacter_hominis|t__SGB15143,k__Bacteria|p__Firmicutes|c__Clostridia|o__Eubacteriales|f__Oscillospiraceae|g__Lawsonibacter|s__Lawsonibacter_asaccharolyticus|t__SGB15154,0.17397550070126533
k__Bacteria|p__Firmicutes|c__Clostridia|o__Eubacteriales|f__Eubacteriales_unclassified|g__Flintibacter|s__Flintibacter_hominis|t__SGB15143,k__Bacteria|p__Thermodesulfobacteriota|c__Desulfovibrionia|o__Desulfovibrionales|f__Desulfovibrionaceae|g__Bilophila|s__Bilophila_wadsworthia|t__SGB15452,0.01276750736843879
k__Bacteria|p__Firmicutes|c__Clostridia|o__Eubacteriales|f__Eubacteriaceae|g__GGB3277|s__GGB3277_SGB4327|t__SGB4327,k__Bacteria|p__Firmicutes|c__CFGB3023|o__OFGB3023|f__FGB3023|g__GGB9502|s__GGB9502_SGB14899|t__SGB14899,0.22898780339815927
k__Bacteria|p__Firmicutes|c__Clostridia|o__Eubacteriales|f__Eubacteriaceae|g__GGB3277|s__GGB3277_SGB4327|t__SGB4327,k__Bacteria|p__Bacteroidota|c__Bacteroidia|o__Bacteroidales|f__Bacteroidaceae|g__Phocaeicola|s__Phocaeicola_vulgatus|t__SGB1814,-0.0068807602718461425
k__Bacteria|p__Firmicutes|c__CFGB3054|o__OFGB3054|f__FGB3054|g__GGB9677|s__GGB9677_SGB15180|t__SGB15180,k__Bacteria|p__Firmicutes|c__Clostridia|o__Eubacteriales|f__Clostridiaceae|g__Clostridium|s__Clostridium_fessum|t__SGB4705,0.20334153544041267
k__Bacteria|p__Firmicutes|c__CFGB3054|o__OFGB3054|f__FGB3054|g__GGB9677|s__GGB9677_SGB15180|t__SGB15180,k__Bacteria|p__Firmicutes|c__Clostridia|o__Eubacteriales|f__Oscillospiraceae|g__Brotocaccenecus|s__Brotocaccenecus_SGB15090|t__SGB15090,0.09329968419179019
k__Bacteria|p__Firmicutes|c__CFGB3054|o__OFGB3054|f__FGB3054|g__GGB9677|s__GGB9677_SGB15180|t__SGB15180,k__Bacteria|p__Firmicutes|c__CFGB3023|o__OFGB3023|f__FGB3023|g__GGB9502|s__GGB9502_SGB14899|t__SGB14899,0.08014007170631732
k__Bacteria|p__Firmicutes|c__CFGB3054|o__OFGB3054|f__FGB3054|g__GGB9677|s__GGB9677_SGB15180|t__SGB15180,k__Bacteria|p__Firmicutes|c__Clostridia|o__Eubacteriales|f__Clostridiaceae|g__Pilosibacter|s__Pilosibacter_fragilis|t__SGB4716,0.02609102491890669
k__Bacteria|p__Firmicutes|c__CFGB3054|o__OFGB3054|f__FGB3054|g__GGB9677|s__GGB9677_SGB15180|t__SGB15180,k__Bacteria|p__Bacteroidota|c__Bacteroidia|o__Bacteroidales|f__Bacteroidaceae|g__Bacteroides|s__Bacteroides_clarus|t__SGB1832,0.05500781576412428
k__Bacteria|p__Firmicutes|c__CFGB3054|o__OFGB3054|f__FGB3054|g__GGB9677|s__GGB9677_SGB15180|t__SGB15180,k__Bacteria|p__Firmicutes|c__Clostridia|o__Lachnospirales|f__Lachnospiraceae|g__Lachnospiraceae_unclassified|s__Lachnospiraceae_bacterium_AM53_6|t__SGB4648,0.06040047866237941
k__Bacteria|p__Firmicutes|c__CFGB1765|o__OFGB1765|f__FGB1765|g__GGB4585|s__GGB4585_SGB6340|t__SGB6340,k__Bacteria|p__Firmicutes|c__Clostridia|o__Eubacteriales|f__Oscillospiraceae|g__Neopoerus|s__Neopoerus_faecalis|t__SGB15049,0.0075219906702521655
k__Bacteria|p__Firmicutes|c__CFGB1765|o__OFGB1765|f__FGB1765|g__GGB4585|s__GGB4585_SGB6340|t__SGB6340,k__Bacteria|p__Pseudomonadota|c__CFGB2404|o__OFGB2404|f__FGB2404|g__GGB6613|s__GGB6613_SGB9347|t__SGB9347,0.19868716520466378
k__Bacteria|p__Firmicutes|c__CFGB1765|o__OFGB1765|f__FGB1765|g__GGB4585|s__GGB4585_SGB6340|t__SGB6340,k__Bacteria|p__Firmicutes|c__Clostridia|o__Eubacteriales|f__Clostridiaceae|g__Pilosibacter|s__Pilosibacter_fragilis|t__SGB4716,0.017890174272714887
k__Bacteria|p__Firmicutes|c__CFGB1765|o__OFGB1765|f__FGB1765|g__GGB4585|s__GGB4585_SGB6340|t__SGB6340,k__Bacteria|p__Firmicutes|c__Clostridia|o__Eubacteriales|f__Oscillospiraceae|g__Oscillospiraceae_unclassified|s__Oscillospiraceae_bacterium|t__SGB4247,0.034583860501067376
k__Bacteria|p__Firmicutes|c__CFGB1765|o__OFGB1765|f__FGB1765|g__GGB4585|s__GGB4585_SGB6340|t__SGB6340,k__Bacteria|p__Firmicutes|c__Clostridia|o__Lachnospirales|f__Lachnospiraceae|g__Waltera|s__Waltera_SGB4909|t__SGB4909,0.019205900679513555
k__Bacteria|p__Firmicutes|c__Clostridia|o__Eubacteriales|f__Oscillospiraceae|g__Vescimonas|s__Vescimonas_coprocola|t__SGB15089,k__Bacteria|p__Bacteroidota|c__Bacteroidia|o__Bacteroidales|f__Rikenellaceae|g__Alistipes|s__Alistipes_finegoldii|t__SGB2301,0.03696771727979564
k__Bacteria|p__Firmicutes|c__Clostridia|o__Eubacteriales|f__Oscillospiraceae|g__Vescimonas|s__Vescimonas_coprocola|t__SGB15089,k__Bacteria|p__Firmicutes|c__Clostridia|o__Eubacteriales|f__Oscillospiraceae|g__GGB9699|s__GGB9699_SGB15216|t__SGB15216,0.0024416001201376103
k__Bacteria|p__Bacteroidota|c__Bacteroidia|o__Bacteroidales|f__Rikenellaceae|g__Alistipes|s__Alistipes_dispar|t__SGB2311,k__Bacteria|p__Firmicutes|c__Clostridia|o__Eubacteriales|f__Oscillospiraceae|g__GGB9619|s__GGB9619_SGB15067|t__SGB15067,0.02305169018565273
k__Bacteria|p__Bacteroidota|c__Bacteroidia|o__Bacteroidales|f__Rikenellaceae|g__Alistipes|s__Alistipes_dispar|t__SGB2311,k__Bacteria|p__Bacteroidota|c__Bacteroidia|o__Bacteroidales|f__Rikenellaceae|g__Alistipes|s__Alistipes_finegoldii|t__SGB2301,0.014148349061138044
k__Bacteria|p__Bacteroidota|c__Bacteroidia|o__Bacteroidales|f__Rikenellaceae|g__Alistipes|s__Alistipes_dispar|t__SGB2311,k__Bacteria|p__Bacteroidota|c__Bacteroidia|o__Bacteroidales|f__Tannerellaceae|g__Parabacteroides|s__Parabacteroides_distasonis|t__SGB1934,0.08373420459654879
k__Bacteria|p__Bacteroidota|c__Bacteroidia|o__Bacteroidales|f__Rikenellaceae|g__Alistipes|s__Alistipes_dispar|t__SGB2311,k__Bacteria|p__Pseudomonadota|c__Betaproteobacteria|o__Burkholderiales|f__Sutterellaceae|g__Parasutterella|s__Parasutterella_SGB9260|t__SGB9260,0.16070502338871367
k__Bacteria|p__Bacteroidota|c__Bacteroidia|o__Bacteroidales|f__Bacteroidaceae|g__Bacteroides|s__Bacteroides_cellulosilyticus|t__SGB1844,k__Bacteria|p__Bacteroidota|c__Bacteroidia|o__Bacteroidales|f__Bacteroidaceae|g__Bacteroides|s__Bacteroides_xylanisolvens|t__SGB1867,0.04720382467542522
k__Bacteria|p__Firmicutes|c__Clostridia|o__Eubacteriales|f__Eubacteriales_unclassified|g__Gemmiger|s__Gemmiger_formicilis|t__SGB15300,k__Bacteria|p__Bacteroidota|c__Bacteroidia|o__Bacteroidales|f__Bacteroidaceae|g__Bacteroides|s__Bacteroides_clarus|t__SGB1832,0.03270636384292125
k__Bacteria|p__Firmicutes|c__Clostridia|o__Eubacteriales|f__Eubacteriales_unclassified|g__Gemmiger|s__Gemmiger_formicilis|t__SGB15300,k__Bacteria|p__Firmicutes|c__Clostridia|o__Lachnospirales|f__Lachnospiraceae|g__Lachnospira|s__Lachnospira_pectinoschiza|t__SGB5089,0.27626819216551557
k__Bacteria|p__Firmicutes|c__Clostridia|o__Eubacteriales|f__Oscillospiraceae|g__GGB9634|s__GGB9634_SGB15103|t__SGB15103,k__Bacteria|p__Bacteroidota|c__Bacteroidia|o__Bacteroidales|f__Rikenellaceae|g__Alistipes|s__Alistipes_hominis|t__SGB2326,0.30228619138120505
k__Bacteria|p__Firmicutes|c__Clostridia|o__Eubacteriales|f__Oscillospiraceae|g__GGB9634|s__GGB9634_SGB15103|t__SGB15103,k__Bacteria|p__Firmicutes|c__CFGB3054|o__OFGB3054|f__FGB3054|g__GGB9715|s__GGB9715_SGB15265|t__SGB15265,0.3859026266700136
k__Bacteria|p__Firmicutes|c__Clostridia|o__Eubacteriales|f__Oscillospiraceae|g__GGB9634|s__GGB9634_SGB15103|t__SGB15103,k__Bacteria|p__Bacteroidota|c__CFGB667|o__OFGB667|f__FGB667|g__GGB1662|s__GGB1662_SGB2276|t__SGB2276,0.2004842205798616
k__Bacteria|p__Firmicutes|c__Clostridia|o__Eubacteriales|f__Clostridiaceae|g__Clostridium|s__Clostridium_fessum|t__SGB4705,k__Bacteria|p__Firmicutes|c__Clostridia|o__Eubacteriales|f__Oscillospiraceae|g__Brotocaccenecus|s__Brotocaccenecus_SGB15090|t__SGB15090,0.0793046380180708
k__Bacteria|p__Firmicutes|c__Clostridia|o__Eubacteriales|f__Clostridiaceae|g__Clostridium|s__Clostridium_fessum|t__SGB4705,k__Bacteria|p__Firmicutes|c__Clostridia|o__Lachnospirales|f__Lachnospiraceae|g__Waltera|s__Waltera_acetigignens|t__SGB4914,0.005487957455451609
k__Bacteria|p__Firmicutes|c__Clostridia|o__Eubacteriales|f__Clostridiaceae|g__Clostridium|s__Clostridium_fessum|t__SGB4705,k__Bacteria|p__Bacteroidota|c__Bacteroidia|o__Bacteroidales|f__Bacteroidaceae|g__Bacteroides|s__Bacteroides_clarus|t__SGB1832,0.20911994992866478
k__Bacteria|p__Firmicutes|c__CFGB3054|o__OFGB3054|f__FGB3054|g__GGB9715|s__GGB9715_SGB15260|t__SGB15260,k__Bacteria|p__Firmicutes|c__Clostridia|o__Lachnospirales|f__Lachnospiraceae|g__Kineothrix|s__Kineothrix_SGB4886|t__SGB4886,0.33103626825096755
k__Bacteria|p__Firmicutes|c__CFGB3054|o__OFGB3054|f__FGB3054|g__GGB9715|s__GGB9715_SGB15260|t__SGB15260,k__Bacteria|p__Bacteroidota|c__Bacteroidia|o__Bacteroidales|f__Rikenellaceae|g__Alistipes|s__Alistipes_hominis|t__SGB2326,0.08523491874051509
k__Bacteria|p__Bacteroidota|c__Bacteroidia|o__Bacteroidales|f__Bacteroidaceae|g__Bacteroides|s__Bacteroides_ovatus|t__SGB1871,k__Bacteria|p__Candidatus_Melainabacteria|c__Candidatus_Melainabacteria_unclassified|o__Candidatus_Gastranaerophilales|f__Candidatus_Gastranaerophilales_unclassified|g__Candidatus_Gastranaerophilales_unclassified|s__Candidatus_Gastranaerophilales_bacterium|t__SGB8601,0.02395757831676265
k__Bacteria|p__Bacteroidota|c__Bacteroidia|o__Bacteroidales|f__Bacteroidaceae|g__Bacteroides|s__Bacteroides_ovatus|t__SGB1871,k__Bacteria|p__Bacteroidota|c__Bacteroidia|o__Bacteroidales|f__Bacteroidaceae|g__Phocaeicola|s__Phocaeicola_vulgatus|t__SGB1814,0.12201746205550223
k__Bacteria|p__Bacteroidota|c__Bacteroidia|o__Bacteroidales|f__Bacteroidaceae|g__Bacteroides|s__Bacteroides_ovatus|t__SGB1871,k__Bacteria|p__Firmicutes|c__Clostridia|o__Eubacteriales|f__Oscillospiraceae|g__GGB9621|s__GGB9621_SGB15073|t__SGB15073,0.021871005609891803
k__Bacteria|p__Firmicutes|c__Clostridia|o__Eubacteriales|f__Oscillospiraceae|g__GGB9619|s__GGB9619_SGB15067|t__SGB15067,k__Bacteria|p__Firmicutes|c__Clostridia|o__Lachnospirales|f__Lachnospiraceae|g__Anaerostipes|s__Anaerostipes_hadrus|t__SGB4540,0.21650745244720215
k__Bacteria|p__Firmicutes|c__Clostridia|o__Eubacteriales|f__Oscillospiraceae|g__GGB9619|s__GGB9619_SGB15067|t__SGB15067,k__Bacteria|p__Firmicutes|c__Clostridia|o__Eubacteriales|f__Oscillospiraceae|g__Pusillibacter|s__Pusillibacter_faecalis|t__SGB15124,0.14990787014169538
k__Bacteria|p__Firmicutes|c__Clostridia|o__Eubacteriales|f__Oscillospiraceae|g__GGB9619|s__GGB9619_SGB15067|t__SGB15067,k__Bacteria|p__Firmicutes|c__Clostridia|o__Eubacteriales|f__Clostridiaceae|g__Pilosibacter|s__Pilosibacter_fragilis|t__SGB4716,0.04159153603997301
k__Bacteria|p__Firmicutes|c__Clostridia|o__Eubacteriales|f__Oscillospiraceae|g__GGB9619|s__GGB9619_SGB15067|t__SGB15067,k__Bacteria|p__Firmicutes|c__Clostridia|o__Eubacteriales|f__Eubacteriaceae|g__Eubacterium|s__Eubacterium_ramulus|t__SGB4959,0.027835480870535556
k__Bacteria|p__Firmicutes|c__Clostridia|o__Eubacteriales|f__Oscillospiraceae|g__GGB9619|s__GGB9619_SGB15067|t__SGB15067,k__Bacteria|p__Bacteroidota|c__Bacteroidia|o__Bacteroidales|f__Rikenellaceae|g__Alistipes|s__Alistipes_putredinis|t__SGB2318,-0.009102475328228887
k__Bacteria|p__Firmicutes|c__Clostridia|o__Eubacteriales|f__Oscillospiraceae|g__GGB9619|s__GGB9619_SGB15067|t__SGB15067,k__Bacteria|p__Firmicutes|c__Clostridia|o__Eubacteriales|f__Oscillospiraceae|g__Oscillibacter|s__Oscillibacter_sp_ER4|t__SGB15254,-0.0028092867237756725
k__Bacteria|p__Firmicutes|c__Clostridia|o__Eubacteriales|f__Oscillospiraceae|g__GGB9619|s__GGB9619_SGB15067|t__SGB15067,k__Bacteria|p__Pseudomonadota|c__Betaproteobacteria|o__Burkholderiales|f__Sutterellaceae|g__Parasutterella|s__Parasutterella_SGB9260|t__SGB9260,0.12367950812716216
k__Bacteria|p__Firmicutes|c__Clostridia|o__Eubacteriales|f__Oscillospiraceae|g__Faecalibacterium|s__Faecalibacterium_prausnitzii|t__SGB15316,k__Bacteria|p__Bacteroidota|c__Bacteroidia|o__Bacteroidales|f__Barnesiellaceae|g__Coprobacter|s__Coprobacter_secundus|t__SGB1962,-0.07256705558001142
k__Bacteria|p__Firmicutes|c__Clostridia|o__Lachnospirales|f__Lachnospiraceae|g__Mediterraneibacter|s__Ruminococcus_lactaris|t__SGB4557,k__Bacteria|p__Pseudomonadota|c__CFGB2404|o__OFGB2404|f__FGB2404|g__GGB6613|s__GGB6613_SGB9347|t__SGB9347,0.07199661093162657
k__Bacteria|p__Firmicutes|c__Clostridia|o__Lachnospirales|f__Lachnospiraceae|g__Mediterraneibacter|s__Ruminococcus_lactaris|t__SGB4557,k__Bacteria|p__Firmicutes|c__CFGB1359|o__OFGB1359|f__FGB1359|g__GGB3321|s__GGB3321_SGB4395|t__SGB4395,0.035034954897234294
k__Bacteria|p__Pseudomonadota|c__CFGB2404|o__OFGB2404|f__FGB2404|g__GGB6612|s__GGB6612_SGB9346|t__SGB9346,k__Bacteria|p__Firmicutes|c__Clostridia|o__Lachnospirales|f__Lachnospiraceae|g__Waltera|s__Waltera_acetigignens|t__SGB4914,0.05653016894288304
k__Bacteria|p__Pseudomonadota|c__CFGB2404|o__OFGB2404|f__FGB2404|g__GGB6612|s__GGB6612_SGB9346|t__SGB9346,k__Bacteria|p__Candidatus_Melainabacteria|c__Candidatus_Melainabacteria_unclassified|o__Candidatus_Gastranaerophilales|f__Candidatus_Gastranaerophilales_unclassified|g__Candidatus_Gastranaerophilales_unclassified|s__Candidatus_Gastranaerophilales_bacterium|t__SGB8601,0.08460593088522117
k__Bacteria|p__Pseudomonadota|c__CFGB2404|o__OFGB2404|f__FGB2404|g__GGB6612|s__GGB6612_SGB9346|t__SGB9346,k__Bacteria|p__Firmicutes|c__Clostridia|o__Lachnospirales|f__Lachnospiraceae|g__Roseburia|s__Roseburia_sp_AM59_24XD|t__SGB4654,0.015489874841315032
k__Bacteria|p__Pseudomonadota|c__CFGB2404|o__OFGB2404|f__FGB2404|g__GGB6612|s__GGB6612_SGB9346|t__SGB9346,k__Bacteria|p__Bacteroidota|c__Bacteroidia|o__Bacteroidales|f__Barnesiellaceae|g__Coprobacter|s__Coprobacter_fastidiosus|t__SGB1963,0.1498934058089718
k__Bacteria|p__Bacteroidota|c__Bacteroidia|o__Bacteroidales|f__Rikenellaceae|g__Alistipes|s__Alistipes_shahii|t__SGB2295,k__Bacteria|p__Bacteroidota|c__CFGB529|o__OFGB529|f__FGB529|g__GGB1093|s__GGB1093_SGB1404|t__SGB1404,-0.02536531623218774
k__Bacteria|p__Bacteroidota|c__Bacteroidia|o__Bacteroidales|f__Rikenellaceae|g__Alistipes|s__Alistipes_shahii|t__SGB2295,k__Bacteria|p__Firmicutes|c__CFGB3023|o__OFGB3023|f__FGB3023|g__GGB9502|s__GGB9502_SGB14899|t__SGB14899,-0.016631599714735323
k__Bacteria|p__Bacteroidota|c__Bacteroidia|o__Bacteroidales|f__Rikenellaceae|g__Alistipes|s__Alistipes_shahii|t__SGB2295,k__Bacteria|p__Bacteroidota|c__Bacteroidia|o__Bacteroidales|f__Odoribacteraceae|g__Odoribacter|s__Odoribacter_splanchnicus|t__SGB1790,0.03419544049154505
k__Bacteria|p__Bacteroidota|c__Bacteroidia|o__Bacteroidales|f__Prevotellaceae|g__Segatella|s__Segatella_copri|t__SGB1626,k__Bacteria|p__Firmicutes|c__Negativicutes|o__Acidaminococcales|f__Acidaminococcaceae|g__Phascolarctobacterium|s__Phascolarctobacterium_succinatutens|t__SGB5763,0.18119502720724673
k__Bacteria|p__Bacteroidota|c__Bacteroidia|o__Bacteroidales|f__Prevotellaceae|g__Segatella|s__Segatella_copri|t__SGB1626,k__Bacteria|p__Firmicutes|c__Clostridia|o__Eubacteriales|f__Eubacteriales_unclassified|g__Flintibacter|s__Flintibacter_SGB15145|t__SGB15145,0.2935993588173089
k__Bacteria|p__Bacteroidota|c__Bacteroidia|o__Bacteroidales|f__Prevotellaceae|g__Segatella|s__Segatella_copri|t__SGB1626,k__Bacteria|p__Bacteroidota|c__Bacteroidia|o__Bacteroidales|f__Prevotellaceae|g__Segatella|s__Segatella_sinensis|t__SGB1644,0.25559453402835364
k__Bacteria|p__Bacteroidota|c__Bacteroidia|o__Bacteroidales|f__Prevotellaceae|g__Segatella|s__Segatella_copri|t__SGB1626,k__Bacteria|p__Firmicutes|c__Clostridia|o__Lachnospirales|f__Lachnospiraceae|g__GGB74412|s__GGB74412_SGB5075|t__SGB5075,0.06367500285513589
k__Bacteria|p__Bacteroidota|c__Bacteroidia|o__Bacteroidales|f__Prevotellaceae|g__Segatella|s__Segatella_copri|t__SGB1626,k__Bacteria|p__Bacteroidota|c__Bacteroidia|o__Bacteroidales|f__Odoribacteraceae|g__Butyricimonas|s__Butyricimonas_faecalis|t__SGB1782,0.02063594462377738
k__Bacteria|p__Bacteroidota|c__Bacteroidia|o__Bacteroidales|f__Prevotellaceae|g__Segatella|s__Segatella_copri|t__SGB1626,k__Bacteria|p__Bacteroidota|c__Bacteroidia|o__Bacteroidales|f__Bacteroidaceae|g__Phocaeicola|s__Phocaeicola_vulgatus|t__SGB1814,-0.057524308340485164
k__Bacteria|p__Bacteroidota|c__Bacteroidia|o__Bacteroidales|f__Prevotellaceae|g__Segatella|s__Segatella_copri|t__SGB1626,k__Bacteria|p__Bacteroidota|c__Bacteroidia|o__Bacteroidales|f__Barnesiellaceae|g__Barnesiella|s__Barnesiella_intestinihominis|t__SGB1965,-0.026174481502460212
k__Bacteria|p__Firmicutes|c__Clostridia|o__Lachnospirales|f__Lachnospiraceae|g__Lachnospiraceae_unclassified|s__Lachnospiraceae_bacterium_OF27_8pH9A|t__SGB5077,k__Bacteria|p__Bacteroidota|c__CFGB529|o__OFGB529|f__FGB529|g__GGB1093|s__GGB1093_SGB1404|t__SGB1404,0.02709249542035075
k__Bacteria|p__Firmicutes|c__Clostridia|o__Lachnospirales|f__Lachnospiraceae|g__Lachnospiraceae_unclassified|s__Lachnospiraceae_bacterium_OF27_8pH9A|t__SGB5077,k__Bacteria|p__Pseudomonadota|c__Gammaproteobacteria|o__Pasteurellales|f__Pasteurellaceae|g__Haemophilus|s__Haemophilus_parainfluenzae|t__SGB9712_group,0.13384644341547086
k__Bacteria|p__Firmicutes|c__Clostridia|o__Lachnospirales|f__Lachnospiraceae|g__Lachnospiraceae_unclassified|s__Lachnospiraceae_bacterium_OF27_8pH9A|t__SGB5077,k__Bacteria|p__Firmicutes|c__Clostridia|o__Eubacteriales|f__Oscillospiraceae|g__Neopoerus|s__Neopoerus_faecalis|t__SGB15049,0.07361172539867261
k__Bacteria|p__Firmicutes|c__Clostridia|o__Lachnospirales|f__Lachnospiraceae|g__Lachnospiraceae_unclassified|s__Lachnospiraceae_bacterium_OF27_8pH9A|t__SGB5077,k__Bacteria|p__Firmicutes|c__Clostridia|o__Lachnospirales|f__Lachnospiraceae|g__Anaerostipes|s__Anaerostipes_hadrus|t__SGB4540,0.07463848410501145
k__Bacteria|p__Firmicutes|c__Clostridia|o__Eubacteriales|f__Oscillospiraceae|g__Faecalibacterium|s__Faecalibacterium_wellingii|t__SGB15340,k__Bacteria|p__Firmicutes|c__Clostridia|o__Lachnospirales|f__Lachnospiraceae|g__Faecalicatena|s__Faecalicatena_fissicatena|t__SGB4871,0.030732651930253374
k__Bacteria|p__Actinomycetota|c__Actinomycetes|o__Bifidobacteriales|f__Bifidobacteriaceae|g__Bifidobacterium|s__Bifidobacterium_adolescentis|t__SGB17244,k__Bacteria|p__Firmicutes|c__CFGB3054|o__OFGB3054|f__FGB3054|g__GGB9690|s__GGB9690_SGB15196|t__SGB15196,0.38961480973127494
k__Bacteria|p__Actinomycetota|c__Actinomycetes|o__Bifidobacteriales|f__Bifidobacteriaceae|g__Bifidobacterium|s__Bifidobacterium_adolescentis|t__SGB17244,k__Bacteria|p__Firmicutes|c__Clostridia|o__Lachnospirales|f__Lachnospiraceae|g__Coprococcus|s__Coprococcus_comes|t__SGB4577,0.018593223100625222
k__Bacteria|p__Actinomycetota|c__Actinomycetes|o__Bifidobacteriales|f__Bifidobacteriaceae|g__Bifidobacterium|s__Bifidobacterium_adolescentis|t__SGB17244,k__Bacteria|p__Bacteroidota|c__Bacteroidia|o__Bacteroidales|f__Barnesiellaceae|g__Coprobacter|s__Coprobacter_secundus|t__SGB1962,0.09718388680868467
k__Bacteria|p__Actinomycetota|c__Actinomycetes|o__Bifidobacteriales|f__Bifidobacteriaceae|g__Bifidobacterium|s__Bifidobacterium_adolescentis|t__SGB17244,k__Bacteria|p__Firmicutes|c__Clostridia|o__Lachnospirales|f__Lachnospiraceae|g__Waltera|s__Waltera_SGB4909|t__SGB4909,0.01969635319825347
k__Bacteria|p__Bacteroidota|c__Bacteroidia|o__Bacteroidales|f__Bacteroidaceae|g__Phocaeicola|s__Phocaeicola_coprocola|t__SGB1891,k__Bacteria|p__Firmicutes|c__Clostridia|o__Lachnospirales|f__Lachnospiraceae|g__Faecalicatena|s__Faecalicatena_fissicatena|t__SGB4871,0.07665387602491658
k__Bacteria|p__Firmicutes|c__Clostridia|o__Eubacteriales|f__Oscillospiraceae|g__Brotocaccenecus|s__Brotocaccenecus_SGB15090|t__SGB15090,k__Bacteria|p__Bacteroidota|c__Bacteroidia|o__Bacteroidales|f__Bacteroidaceae|g__Bacteroides|s__Bacteroides_clarus|t__SGB1832,0.09797852663378559
k__Bacteria|p__Bacteroidota|c__Bacteroidia|o__Bacteroidales|f__Prevotellaceae|g__Prevotella|s__Prevotella_marseillensis|t__SGB1588,k__Bacteria|p__Thermodesulfobacteriota|c__Desulfovibrionia|o__Desulfovibrionales|f__Desulfovibrionaceae|g__Bilophila|s__Bilophila_SGB15451|t__SGB15451,0.024527233785796465
k__Bacteria|p__Bacteroidota|c__Bacteroidia|o__Bacteroidales|f__Bacteroidaceae|g__Phocaeicola|s__Phocaeicola_coprophilus|t__SGB1888,k__Bacteria|p__Firmicutes|c__CFGB2982|o__OFGB2982|f__FGB2982|g__GGB9342|s__GGB9342_SGB14306|t__SGB14306,0.1449398096389251
k__Bacteria|p__Bacteroidota|c__Bacteroidia|o__Bacteroidales|f__Bacteroidaceae|g__Bacteroides|s__Bacteroides_caccae|t__SGB1877,k__Bacteria|p__Bacteroidota|c__Bacteroidia|o__Bacteroidales|f__Bacteroidaceae|g__Phocaeicola|s__Phocaeicola_vulgatus|t__SGB1814,0.008791845153684863
k__Bacteria|p__Bacteroidota|c__Bacteroidia|o__Bacteroidales|f__Bacteroidaceae|g__Bacteroides|s__Bacteroides_caccae|t__SGB1877,k__Bacteria|p__Bacteroidota|c__Bacteroidia|o__Bacteroidales|f__Tannerellaceae|g__Parabacteroides|s__Parabacteroides_merdae|t__SGB1949,0.14042000663651244
k__Bacteria|p__Bacteroidota|c__Bacteroidia|o__Bacteroidales|f__Bacteroidaceae|g__Bacteroides|s__Bacteroides_caccae|t__SGB1877,k__Bacteria|p__Bacteroidota|c__Bacteroidia|o__Bacteroidales|f__Barnesiellaceae|g__Coprobacter|s__Coprobacter_fastidiosus|t__SGB1963,0.0067277436949741976
k__Bacteria|p__Bacteroidota|c__Bacteroidia|o__Bacteroidales|f__Bacteroidaceae|g__Bacteroides|s__Bacteroides_caccae|t__SGB1877,k__Bacteria|p__Bacteroidota|c__Bacteroidia|o__Bacteroidales|f__Odoribacteraceae|g__Odoribacter|s__Odoribacter_splanchnicus|t__SGB1790,0.008444120733456628
k__Bacteria|p__Bacteroidota|c__Bacteroidia|o__Bacteroidales|f__Rikenellaceae|g__Alistipes|s__Alistipes_indistinctus|t__SGB2325,k__Bacteria|p__Bacteroidota|c__Bacteroidia|o__Bacteroidales|f__Odoribacteraceae|g__Odoribacter|s__Odoribacter_laneus|t__SGB1792,0.11740564604885217
k__Bacteria|p__Bacteroidota|c__Bacteroidia|o__Bacteroidales|f__Rikenellaceae|g__Alistipes|s__Alistipes_indistinctus|t__SGB2325,k__Bacteria|p__Firmicutes|c__Clostridia|o__Eubacteriales|f__Oscillospiraceae|g__GGB9708|s__GGB9708_SGB15236|t__SGB15236,0.0031808635274589436
k__Bacteria|p__Bacteroidota|c__Bacteroidia|o__Bacteroidales|f__Rikenellaceae|g__Alistipes|s__Alistipes_indistinctus|t__SGB2325,k__Bacteria|p__Bacteroidota|c__Bacteroidia|o__Bacteroidales|f__Rikenellaceae|g__Alistipes|s__Alistipes_senegalensis|t__SGB2296,0.013186560447425333
k__Bacteria|p__Bacteroidota|c__Bacteroidia|o__Bacteroidales|f__Rikenellaceae|g__Alistipes|s__Alistipes_indistinctus|t__SGB2325,k__Bacteria|p__Firmicutes|c__CFGB1354|o__OFGB1354|f__FGB1354|g__GGB3304|s__GGB3304_SGB4367|t__SGB4367,8.685255461999275e-4
k__Bacteria|p__Firmicutes|c__Clostridia|o__Eubacteriales|f__Oscillospiraceae|g__Oscillibacter|s__Oscillibacter_sp_MSJ_31|t__SGB15249,k__Bacteria|p__Firmicutes|c__Clostridia|o__Lachnospirales|f__Lachnospiraceae|g__Waltera|s__Waltera_acetigignens|t__SGB4914,0.05815273114477065
k__Bacteria|p__Firmicutes|c__Clostridia|o__Eubacteriales|f__Oscillospiraceae|g__Oscillibacter|s__Oscillibacter_sp_MSJ_31|t__SGB15249,k__Bacteria|p__Bacteroidota|c__Bacteroidia|o__Bacteroidales|f__Rikenellaceae|g__Alistipes|s__Alistipes_hominis|t__SGB2326,0.06125425985319566
k__Bacteria|p__Firmicutes|c__Clostridia|o__Eubacteriales|f__Oscillospiraceae|g__Oscillibacter|s__Oscillibacter_sp_MSJ_31|t__SGB15249,k__Bacteria|p__Bacteroidota|c__Bacteroidia|o__Bacteroidales|f__Rikenellaceae|g__Alistipes|s__Alistipes_ihumii|t__SGB2328,0.04488221347825727
k__Bacteria|p__Firmicutes|c__Clostridia|o__Eubacteriales|f__Oscillospiraceae|g__Oscillibacter|s__Oscillibacter_sp_MSJ_31|t__SGB15249,k__Bacteria|p__Firmicutes|c__Clostridia|o__Eubacteriales|f__Oscillospiraceae|g__GGB9699|s__GGB9699_SGB15216|t__SGB15216,0.031609488436236954
k__Bacteria|p__Firmicutes|c__Negativicutes|o__Selenomonadales|f__Selenomonadaceae|g__Mitsuokella|s__Mitsuokella_jalaludinii|t__SGB5904,k__Bacteria|p__Bacteroidota|c__CFGB529|o__OFGB529|f__FGB529|g__GGB1093|s__GGB1093_SGB1404|t__SGB1404,0.09268093901789004
k__Bacteria|p__Firmicutes|c__Negativicutes|o__Selenomonadales|f__Selenomonadaceae|g__Mitsuokella|s__Mitsuokella_jalaludinii|t__SGB5904,k__Bacteria|p__Firmicutes|c__Clostridia|o__Eubacteriales|f__Eubacteriales_unclassified|g__Flintibacter|s__Flintibacter_SGB15145|t__SGB15145,0.04404253436849759
k__Bacteria|p__Firmicutes|c__Negativicutes|o__Selenomonadales|f__Selenomonadaceae|g__Mitsuokella|s__Mitsuokella_jalaludinii|t__SGB5904,k__Bacteria|p__Firmicutes|c__Negativicutes|o__Veillonellales|f__Veillonellaceae|g__GGB4266|s__GGB4266_SGB5809|t__SGB5809,0.42481704585615443
k__Bacteria|p__Bacteroidota|c__Bacteroidia|o__Bacteroidales|f__Bacteroidaceae|g__Phocaeicola|s__Phocaeicola_dorei|t__SGB1815,k__Bacteria|p__Pseudomonadota|c__Betaproteobacteria|o__Burkholderiales|f__Sutterellaceae|g__Parasutterella|s__Parasutterella_SGB9260|t__SGB9260,0.0761396354990933
k__Bacteria|p__Firmicutes|c__Clostridia|o__Lachnospirales|f__Lachnospiraceae|g__Simiaoa|s__Simiaoa_sunii|t__SGB4910,k__Bacteria|p__Firmicutes|c__Clostridia|o__Eubacteriales|f__Oscillospiraceae|g__Oscillospiraceae_unclassified|s__Oscillospiraceae_unclassified_SGB15256|t__SGB15256,9.825708081518392e-4
k__Bacteria|p__Firmicutes|c__Clostridia|o__Lachnospirales|f__Lachnospiraceae|g__Simiaoa|s__Simiaoa_sunii|t__SGB4910,k__Bacteria|p__Firmicutes|c__Clostridia|o__Eubacteriales|f__Oscillospiraceae|g__Oscillospiraceae_unclassified|s__Oscillospiraceae_bacterium|t__SGB4247,0.10354433987550782
k__Bacteria|p__Firmicutes|c__Clostridia|o__Lachnospirales|f__Lachnospiraceae|g__Faecalicatena|s__Faecalicatena_fissicatena|t__SGB4871,k__Bacteria|p__Pseudomonadota|c__Gammaproteobacteria|o__Pasteurellales|f__Pasteurellaceae|g__Haemophilus|s__Haemophilus_parainfluenzae|t__SGB9712_group,0.049280846641536535
k__Bacteria|p__Bacteroidota|c__Bacteroidia|o__Bacteroidales|f__Bacteroidaceae|g__Phocaeicola|s__Phocaeicola_massiliensis|t__SGB1812,k__Bacteria|p__Firmicutes|c__Negativicutes|o__Acidaminococcales|f__Acidaminococcaceae|g__Acidaminococcus|s__Acidaminococcus_intestini|t__SGB5736,0.009983402164546296
k__Bacteria|p__Bacteroidota|c__Bacteroidia|o__Bacteroidales|f__Rikenellaceae|g__GGB1689|s__GGB1689_SGB2321|t__SGB2321,k__Bacteria|p__Verrucomicrobiota|c__Opitutia|o__Puniceicoccales|f__Puniceicoccaceae|g__GGB6123|s__GGB6123_SGB8767|t__SGB8767,0.092848738287441
k__Bacteria|p__Bacteroidota|c__Bacteroidia|o__Bacteroidales|f__Rikenellaceae|g__GGB1689|s__GGB1689_SGB2321|t__SGB2321,k__Bacteria|p__Firmicutes|c__CFGB2984|o__OFGB2984|f__FGB2984|g__GGB9347|s__GGB9347_SGB14313|t__SGB14313,0.1723410890775005
k__Bacteria|p__Bacteroidota|c__Bacteroidia|o__Bacteroidales|f__Rikenellaceae|g__GGB1689|s__GGB1689_SGB2321|t__SGB2321,k__Bacteria|p__Bacteroidota|c__CFGB667|o__OFGB667|f__FGB667|g__GGB1662|s__GGB1662_SGB2276|t__SGB2276,0.17192451943786524
k__Bacteria|p__Firmicutes|c__Clostridia|o__Eubacteriales|f__Oscillospiraceae|g__Faecalibacterium|s__Faecalibacterium_hattorii|t__SGB15322,k__Bacteria|p__Firmicutes|c__Clostridia|o__Eubacteriales|f__Oscillospiraceae|g__GGB9708|s__GGB9708_SGB15233|t__SGB15233,0.15868669075081443
k__Bacteria|p__Pseudomonadota|c__Gammaproteobacteria|o__Enterobacterales|f__Enterobacteriaceae|g__Escherichia|s__Escherichia_coli|t__SGB10068,k__Bacteria|p__Firmicutes|c__Clostridia|o__Eubacteriales|f__Oscillospiraceae|g__GGB9699|s__GGB9699_SGB15216|t__SGB15216,0.26141629692242274
k__Bacteria|p__Pseudomonadota|c__Gammaproteobacteria|o__Enterobacterales|f__Enterobacteriaceae|g__Escherichia|s__Escherichia_coli|t__SGB10068,k__Bacteria|p__Firmicutes|c__Clostridia|o__Eubacteriales|f__Oscillospiraceae|g__Flavonifractor|s__Flavonifractor_plautii|t__SGB15132,0.163132249853074
k__Bacteria|p__Firmicutes|c__Clostridia|o__Lachnospirales|f__Lachnospiraceae|g__Kineothrix|s__Kineothrix_SGB4886|t__SGB4886,k__Bacteria|p__Bacteroidota|c__CFGB529|o__OFGB529|f__FGB529|g__GGB1093|s__GGB1093_SGB1404|t__SGB1404,0.2675734811385124
k__Bacteria|p__Firmicutes|c__Clostridia|o__Lachnospirales|f__Lachnospiraceae|g__Kineothrix|s__Kineothrix_SGB4886|t__SGB4886,k__Bacteria|p__Pseudomonadota|c__Gammaproteobacteria|o__Pasteurellales|f__Pasteurellaceae|g__Haemophilus|s__Haemophilus_parainfluenzae|t__SGB9712_group,0.043903364951036805
k__Bacteria|p__Firmicutes|c__Clostridia|o__Lachnospirales|f__Lachnospiraceae|g__Kineothrix|s__Kineothrix_SGB4886|t__SGB4886,k__Bacteria|p__Firmicutes|c__Clostridia|o__Eubacteriales|f__Oscillospiraceae|g__Dysosmobacter|s__Dysosmobacter_SGB15051|t__SGB15051,0.2610386051312876
k__Bacteria|p__Firmicutes|c__Clostridia|o__Lachnospirales|f__Lachnospiraceae|g__Kineothrix|s__Kineothrix_SGB4886|t__SGB4886,k__Bacteria|p__Firmicutes|c__Clostridia|o__Lachnospirales|f__Lachnospiraceae|g__Waltera|s__Waltera_SGB4909|t__SGB4909,0.12209704027413737
k__Bacteria|p__Firmicutes|c__Clostridia|o__Lachnospirales|f__Lachnospiraceae|g__Kineothrix|s__Kineothrix_SGB4886|t__SGB4886,k__Bacteria|p__Firmicutes|c__Clostridia|o__Lachnospirales|f__Lachnospiraceae|g__Dorea|s__Dorea_longicatena|t__SGB4581,0.05869911159211888
k__Bacteria|p__Firmicutes|c__Clostridia|o__Eubacteriales|f__Eubacteriaceae|g__GGB3281|s__GGB3281_SGB4335|t__SGB4335,k__Bacteria|p__Firmicutes|c__CFGB1354|o__OFGB1354|f__FGB1354|g__GGB3304|s__GGB3304_SGB4367|t__SGB4367,0.10444416131497064
k__Bacteria|p__Bacteroidota|c__CFGB529|o__OFGB529|f__FGB529|g__GGB1093|s__GGB1093_SGB1404|t__SGB1404,k__Bacteria|p__Pseudomonadota|c__Gammaproteobacteria|o__Pasteurellales|f__Pasteurellaceae|g__Haemophilus|s__Haemophilus_parainfluenzae|t__SGB9712_group,0.13207831735368342
k__Bacteria|p__Bacteroidota|c__CFGB529|o__OFGB529|f__FGB529|g__GGB1093|s__GGB1093_SGB1404|t__SGB1404,k__Bacteria|p__Bacteroidota|c__Bacteroidia|o__Bacteroidales|f__Prevotellaceae|g__Segatella|s__Segatella_sinensis|t__SGB1644,0.02652775004589375
k__Bacteria|p__Bacteroidota|c__CFGB529|o__OFGB529|f__FGB529|g__GGB1093|s__GGB1093_SGB1404|t__SGB1404,k__Bacteria|p__Bacteroidota|c__Bacteroidia|o__Bacteroidales|f__Rikenellaceae|g__Alistipes|s__Alistipes_putredinis|t__SGB2318,-0.0685998996733106
k__Bacteria|p__Bacteroidota|c__CFGB529|o__OFGB529|f__FGB529|g__GGB1093|s__GGB1093_SGB1404|t__SGB1404,k__Bacteria|p__Firmicutes|c__Clostridia|o__Eubacteriales|f__Oscillospiraceae|g__GGB9707|s__GGB9707_SGB15229|t__SGB15229,0.002284538868806918
k__Bacteria|p__Firmicutes|c__Clostridia|o__Eubacteriales|f__Oscillospiraceae|g__GGB9708|s__GGB9708_SGB15234|t__SGB15234,k__Bacteria|p__Firmicutes|c__Clostridia|o__Lachnospirales|f__Lachnospiraceae|g__Anaerostipes|s__Anaerostipes_hadrus|t__SGB4540,-0.008278276224953862
k__Bacteria|p__Firmicutes|c__Clostridia|o__Eubacteriales|f__Oscillospiraceae|g__GGB9708|s__GGB9708_SGB15234|t__SGB15234,k__Bacteria|p__Firmicutes|c__CFGB79315|o__OFGB79315|f__FGB79315|g__GGB9758|s__GGB9758_SGB15368|t__SGB15368,0.013798973947598547
k__Bacteria|p__Firmicutes|c__Clostridia|o__Eubacteriales|f__Oscillospiraceae|g__GGB9708|s__GGB9708_SGB15234|t__SGB15234,k__Bacteria|p__Firmicutes|c__Clostridia|o__Lachnospirales|f__Lachnospiraceae|g__Gallintestinimicrobium|s__Gallintestinimicrobium_propionicum|t__SGB4993,0.0033394318405532974
k__Bacteria|p__Firmicutes|c__Clostridia|o__Eubacteriales|f__Oscillospiraceae|g__GGB9708|s__GGB9708_SGB15234|t__SGB15234,k__Bacteria|p__Firmicutes|c__Clostridia|o__Eubacteriales|f__Oscillospiraceae|g__Oscillibacter|s__Oscillibacter_sp_ER4|t__SGB15254,0.0014211297474168716
k__Bacteria|p__Pseudomonadota|c__Gammaproteobacteria|o__Pasteurellales|f__Pasteurellaceae|g__Haemophilus|s__Haemophilus_parainfluenzae|t__SGB9712_group,k__Bacteria|p__Firmicutes|c__Clostridia|o__Eubacteriales|f__Eubacteriales_unclassified|g__Flintibacter|s__Flintibacter_SGB15145|t__SGB15145,0.051104341779943385
k__Bacteria|p__Pseudomonadota|c__Gammaproteobacteria|o__Pasteurellales|f__Pasteurellaceae|g__Haemophilus|s__Haemophilus_parainfluenzae|t__SGB9712_group,k__Bacteria|p__Firmicutes|c__Clostridia|o__Eubacteriales|f__Eubacteriaceae|g__Eubacterium|s__Eubacterium_ventriosum|t__SGB5045,0.0555629739923017
k__Bacteria|p__Pseudomonadota|c__Gammaproteobacteria|o__Pasteurellales|f__Pasteurellaceae|g__Haemophilus|s__Haemophilus_parainfluenzae|t__SGB9712_group,k__Bacteria|p__Firmicutes|c__Clostridia|o__Lachnospirales|f__Lachnospiraceae|g__Lachnospira|s__Lachnospira_pectinoschiza|t__SGB5089,0.18674072895815585
k__Bacteria|p__Firmicutes|c__Clostridia|o__Eubacteriales|f__Oscillospiraceae|g__Dysosmobacter|s__Dysosmobacter_SGB15051|t__SGB15051,k__Bacteria|p__Firmicutes|c__Clostridia|o__Eubacteriales|f__Eubacteriales_unclassified|g__Flintibacter|s__Flintibacter_SGB15145|t__SGB15145,0.1788908982222568
k__Bacteria|p__Firmicutes|c__Clostridia|o__Eubacteriales|f__Oscillospiraceae|g__Dysosmobacter|s__Dysosmobacter_SGB15051|t__SGB15051,k__Bacteria|p__Firmicutes|c__Clostridia|o__Eubacteriales|f__Clostridiaceae|g__GGB3478|s__GGB3478_SGB4643|t__SGB4643,0.041776770993807444
k__Bacteria|p__Firmicutes|c__Clostridia|o__Eubacteriales|f__Oscillospiraceae|g__Dysosmobacter|s__Dysosmobacter_SGB15051|t__SGB15051,k__Bacteria|p__Firmicutes|c__Clostridia|o__Eubacteriales|f__Oscillospiraceae|g__GGB9621|s__GGB9621_SGB15073|t__SGB15073,0.1359311851304728
k__Bacteria|p__Firmicutes|c__Clostridia|o__Eubacteriales|f__Eubacteriales_unclassified|g__Flintibacter|s__Flintibacter_SGB15145|t__SGB15145,k__Bacteria|p__Firmicutes|c__Clostridia|o__Lachnospirales|f__Lachnospiraceae|g__GGB74412|s__GGB74412_SGB5075|t__SGB5075,0.1311645035922443
k__Bacteria|p__Firmicutes|c__Clostridia|o__Eubacteriales|f__Eubacteriales_unclassified|g__Flintibacter|s__Flintibacter_SGB15145|t__SGB15145,k__Bacteria|p__Bacteroidota|c__Bacteroidia|o__Bacteroidales|f__Odoribacteraceae|g__Butyricimonas|s__Butyricimonas_faecalis|t__SGB1782,0.07538579148875141
k__Bacteria|p__Firmicutes|c__Clostridia|o__Eubacteriales|f__Eubacteriales_unclassified|g__Flintibacter|s__Flintibacter_SGB15145|t__SGB15145,k__Bacteria|p__Bacteroidota|c__Bacteroidia|o__Bacteroidales|f__Rikenellaceae|g__Alistipes|s__Alistipes_communis|t__SGB2290,-0.061039104905060426
k__Bacteria|p__Firmicutes|c__Clostridia|o__Eubacteriales|f__Eubacteriales_unclassified|g__Flintibacter|s__Flintibacter_SGB15145|t__SGB15145,k__Bacteria|p__Firmicutes|c__Clostridia|o__Eubacteriales|f__Oscillospiraceae|g__GGB9621|s__GGB9621_SGB15073|t__SGB15073,0.04992198281880539
k__Bacteria|p__Firmicutes|c__CFGB3054|o__OFGB3054|f__FGB3054|g__GGB9690|s__GGB9690_SGB15196|t__SGB15196,k__Bacteria|p__Firmicutes|c__Clostridia|o__Eubacteriales|f__Oscillospiraceae|g__Oscillospiraceae_unclassified|s__Oscillospiraceae_unclassified_SGB15256|t__SGB15256,0.09550727040511464
k__Bacteria|p__Firmicutes|c__CFGB3054|o__OFGB3054|f__FGB3054|g__GGB9690|s__GGB9690_SGB15196|t__SGB15196,k__Bacteria|p__Firmicutes|c__Clostridia|o__Eubacteriales|f__Beduinellaceae|g__GGB9760|s__GGB9760_SGB15374|t__SGB15374,0.05906446540271082
k__Bacteria|p__Bacteroidota|c__Bacteroidia|o__Bacteroidales|f__Rikenellaceae|g__Alistipes|s__Alistipes_finegoldii|t__SGB2301,k__Bacteria|p__Bacteroidota|c__Bacteroidia|o__Bacteroidales|f__Rikenellaceae|g__Alistipes|s__Alistipes_putredinis|t__SGB2318,0.035191411978360676
k__Bacteria|p__Bacteroidota|c__Bacteroidia|o__Bacteroidales|f__Rikenellaceae|g__Alistipes|s__Alistipes_finegoldii|t__SGB2301,k__Bacteria|p__Bacteroidota|c__Bacteroidia|o__Bacteroidales|f__Barnesiellaceae|g__Barnesiella|s__Barnesiella_intestinihominis|t__SGB1965,0.04772879052786083
k__Bacteria|p__Bacteroidota|c__Bacteroidia|o__Bacteroidales|f__Rikenellaceae|g__Alistipes|s__Alistipes_hominis|t__SGB2326,k__Bacteria|p__Bacteroidota|c__Bacteroidia|o__Bacteroidales|f__Rikenellaceae|g__Alistipes|s__Alistipes_ihumii|t__SGB2328,0.14778399477555804
k__Bacteria|p__Bacteroidota|c__Bacteroidia|o__Bacteroidales|f__Rikenellaceae|g__Alistipes|s__Alistipes_hominis|t__SGB2326,k__Bacteria|p__Bacteroidota|c__CFGB667|o__OFGB667|f__FGB667|g__GGB1662|s__GGB1662_SGB2276|t__SGB2276,0.03845514050564297
k__Bacteria|p__Thermodesulfobacteriota|c__Desulfovibrionia|o__Desulfovibrionales|f__Desulfovibrionaceae|g__Bilophila|s__Bilophila_SGB15451|t__SGB15451,k__Bacteria|p__Candidatus_Melainabacteria|c__Candidatus_Melainabacteria_unclassified|o__Candidatus_Gastranaerophilales|f__Candidatus_Gastranaerophilales_unclassified|g__Candidatus_Gastranaerophilales_unclassified|s__Candidatus_Gastranaerophilales_bacterium|t__SGB8601,0.09938735905315593
k__Bacteria|p__Thermodesulfobacteriota|c__Desulfovibrionia|o__Desulfovibrionales|f__Desulfovibrionaceae|g__Bilophila|s__Bilophila_SGB15451|t__SGB15451,k__Bacteria|p__Pseudomonadota|c__Betaproteobacteria|o__Burkholderiales|f__Sutterellaceae|g__Sutterella|s__Sutterella_wadsworthensis|t__SGB9283,0.16606136756583306
k__Bacteria|p__Bacteroidota|c__Bacteroidia|o__Bacteroidales|f__Prevotellaceae|g__Paraprevotella|s__Paraprevotella_clara|t__SGB1798,k__Bacteria|p__Bacteroidota|c__Bacteroidia|o__Bacteroidales|f__Bacteroidaceae|g__Bacteroides|s__Bacteroides_eggerthii|t__SGB1829,0.17125460409786913
k__Bacteria|p__Bacteroidota|c__Bacteroidia|o__Bacteroidales|f__Prevotellaceae|g__Paraprevotella|s__Paraprevotella_clara|t__SGB1798,k__Bacteria|p__Firmicutes|c__Clostridia|o__Lachnospirales|f__Lachnospiraceae|g__Roseburia|s__Roseburia_sp_AM59_24XD|t__SGB4654,0.07600619915037166
k__Bacteria|p__Pseudomonadota|c__CFGB2403|o__OFGB2403|f__FGB2403|g__GGB6601|s__GGB6601_SGB9333|t__SGB9333,k__Bacteria|p__Firmicutes|c__Clostridia|o__Lachnospirales|f__Lachnospiraceae|g__Roseburia|s__Roseburia_intestinalis|t__SGB4951,0.025373920727391086
k__Bacteria|p__Pseudomonadota|c__CFGB2403|o__OFGB2403|f__FGB2403|g__GGB6601|s__GGB6601_SGB9333|t__SGB9333,k__Bacteria|p__Pseudomonadota|c__Betaproteobacteria|o__Burkholderiales|f__Sutterellaceae|g__Parasutterella|s__Parasutterella_excrementihominis|t__SGB9262,0.109734351550004
k__Bacteria|p__Firmicutes|c__Clostridia|o__Eubacteriales|f__Oscillospiraceae|g__Neopoerus|s__Neopoerus_faecalis|t__SGB15049,k__Bacteria|p__Pseudomonadota|c__Betaproteobacteria|o__Burkholderiales|f__Sutterellaceae|g__Parasutterella|s__Parasutterella_SGB9260|t__SGB9260,0.010208513364585559
k__Bacteria|p__Firmicutes|c__Clostridia|o__Lachnospirales|f__Lachnospiraceae|g__Anaerostipes|s__Anaerostipes_hadrus|t__SGB4540,k__Bacteria|p__Firmicutes|c__CFGB2984|o__OFGB2984|f__FGB2984|g__GGB9347|s__GGB9347_SGB14313|t__SGB14313,0.08433726748921039
k__Bacteria|p__Firmicutes|c__Clostridia|o__Lachnospirales|f__Lachnospiraceae|g__Anaerostipes|s__Anaerostipes_hadrus|t__SGB4540,k__Bacteria|p__Firmicutes|c__Clostridia|o__Lachnospirales|f__Lachnospiraceae|g__Blautia|s__Blautia_wexlerae|t__SGB4837,0.11003352514869186
k__Bacteria|p__Thermodesulfobacteriota|c__Desulfovibrionia|o__Desulfovibrionales|f__Desulfovibrionaceae|g__GGB9813|s__GGB9813_SGB15447|t__SGB15447,k__Bacteria|p__Firmicutes|c__Clostridia|o__Eubacteriales|f__Eubacteriaceae|g__Eubacterium|s__Eubacterium_ramulus|t__SGB4959,0.20601175227335233
k__Bacteria|p__Pseudomonadota|c__CFGB2404|o__OFGB2404|f__FGB2404|g__GGB6613|s__GGB6613_SGB9347|t__SGB9347,k__Bacteria|p__Bacteroidota|c__Bacteroidia|o__Bacteroidales|f__Odoribacteraceae|g__Butyricimonas|s__Butyricimonas_virosa|t__SGB1784,0.12294948625141677
k__Bacteria|p__Firmicutes|c__CFGB3023|o__OFGB3023|f__FGB3023|g__GGB9502|s__GGB9502_SGB14899|t__SGB14899,k__Bacteria|p__Firmicutes|c__Clostridia|o__Eubacteriales|f__Beduinellaceae|g__GGB9760|s__GGB9760_SGB15374|t__SGB15374,0.010099595004502526
k__Bacteria|p__Firmicutes|c__Clostridia|o__Eubacteriales|f__Oscillospiraceae|g__Pusillibacter|s__Pusillibacter_faecalis|t__SGB15124,k__Bacteria|p__Firmicutes|c__Clostridia|o__Eubacteriales|f__Oscillospiraceae|g__Dysosmobacter|s__Dysosmobacter_welbionis|t__SGB15078,0.2846162816799144
k__Bacteria|p__Firmicutes|c__Clostridia|o__Eubacteriales|f__Oscillospiraceae|g__Pusillibacter|s__Pusillibacter_faecalis|t__SGB15124,k__Bacteria|p__Firmicutes|c__Clostridia|o__Eubacteriales|f__Eubacteriaceae|g__Eubacterium|s__Eubacterium_ramulus|t__SGB4959,0.0839080434900803
k__Bacteria|p__Firmicutes|c__Clostridia|o__Eubacteriales|f__Oscillospiraceae|g__Pusillibacter|s__Pusillibacter_faecalis|t__SGB15124,k__Bacteria|p__Firmicutes|c__Clostridia|o__Eubacteriales|f__Eubacteriales_unclassified|g__Intestinimonas|s__Intestinimonas_butyriciproducens|t__SGB15126,0.20227548319549649
k__Bacteria|p__Firmicutes|c__Clostridia|o__Eubacteriales|f__Oscillospiraceae|g__Pusillibacter|s__Pusillibacter_faecalis|t__SGB15124,k__Bacteria|p__Firmicutes|c__Clostridia|o__Eubacteriales|f__Clostridiaceae|g__Clostridiaceae_unclassified|s__Clostridiaceae_bacterium|t__SGB4721,0.15701771397268488
k__Bacteria|p__Firmicutes|c__Clostridia|o__Eubacteriales|f__Oscillospiraceae|g__Pusillibacter|s__Pusillibacter_faecalis|t__SGB15124,k__Bacteria|p__Thermodesulfobacteriota|c__Desulfovibrionia|o__Desulfovibrionales|f__Desulfovibrionaceae|g__Bilophila|s__Bilophila_wadsworthia|t__SGB15452,0.13896024482359437
k__Bacteria|p__Firmicutes|c__Clostridia|o__Eubacteriales|f__Clostridiaceae|g__Pilosibacter|s__Pilosibacter_fragilis|t__SGB4716,k__Bacteria|p__Firmicutes|c__Clostridia|o__Lachnospirales|f__Lachnospiraceae|g__Dorea|s__Dorea_longicatena|t__SGB4581,0.16384212029484446
k__Bacteria|p__Firmicutes|c__Clostridia|o__Eubacteriales|f__Clostridiaceae|g__Pilosibacter|s__Pilosibacter_fragilis|t__SGB4716,k__Bacteria|p__Pseudomonadota|c__Betaproteobacteria|o__Burkholderiales|f__Sutterellaceae|g__Parasutterella|s__Parasutterella_excrementihominis|t__SGB9262,0.06771008644064269
k__Bacteria|p__Firmicutes|c__Clostridia|o__Eubacteriales|f__Oscillospiraceae|g__Oscillospiraceae_unclassified|s__Oscillospiraceae_unclassified_SGB15256|t__SGB15256,k__Bacteria|p__Firmicutes|c__Clostridia|o__Eubacteriales|f__Oscillospiraceae|g__GGB9707|s__GGB9707_SGB15229|t__SGB15229,0.17767005051209622
k__Bacteria|p__Firmicutes|c__Negativicutes|o__Veillonellales|f__Veillonellaceae|g__GGB4266|s__GGB4266_SGB5809|t__SGB5809,k__Bacteria|p__Bacteroidota|c__Bacteroidia|o__Bacteroidales|f__Prevotellaceae|g__Segatella|s__Segatella_sinensis|t__SGB1644,0.056913891290421625
k__Bacteria|p__Firmicutes|c__Clostridia|o__Eubacteriales|f__Eubacteriaceae|g__Eubacterium|s__Eubacterium_ventriosum|t__SGB5045,k__Bacteria|p__Firmicutes|c__Clostridia|o__Lachnospirales|f__Lachnospiraceae|g__Coprococcus|s__Coprococcus_comes|t__SGB4577,0.09687486963928676
k__Bacteria|p__Firmicutes|c__CFGB1359|o__OFGB1359|f__FGB1359|g__GGB3321|s__GGB3321_SGB4395|t__SGB4395,k__Bacteria|p__Firmicutes|c__Clostridia|o__Eubacteriales|f__Clostridiaceae|g__Clostridium|s__Clostridium_sp_AF36_4|t__SGB4644,0.031313321865444166
k__Bacteria|p__Firmicutes|c__CFGB1359|o__OFGB1359|f__FGB1359|g__GGB3321|s__GGB3321_SGB4395|t__SGB4395,k__Bacteria|p__Bacteroidota|c__Bacteroidia|o__Bacteroidales|f__Odoribacteraceae|g__Butyricimonas|s__Butyricimonas_virosa|t__SGB1784,0.2790595328641715
k__Bacteria|p__Candidatus_Melainabacteria|c__Candidatus_Melainabacteria_unclassified|o__Candidatus_Gastranaerophilales|f__Candidatus_Gastranaerophilales_unclassified|g__Candidatus_Gastranaerophilales_unclassified|s__Candidatus_Gastranaerophilales_bacterium|t__SGB8601,k__Bacteria|p__Firmicutes|c__Clostridia|o__Lachnospirales|f__Lachnospiraceae|g__Waltera|s__Waltera_SGB4909|t__SGB4909,0.044810680923469515
k__Bacteria|p__Bacteroidota|c__Bacteroidia|o__Bacteroidales|f__Prevotellaceae|g__Segatella|s__Segatella_sinensis|t__SGB1644,k__Bacteria|p__Bacteroidota|c__CFGB658|o__OFGB658|f__FGB658|g__GGB1627|s__GGB1627_SGB2230|t__SGB2230,0.1285079418769436
k__Bacteria|p__Bacteroidota|c__CFGB4405|o__OFGB4405|f__FGB4405|g__GGB1266|s__GGB1266_SGB1699|t__SGB1699,k__Bacteria|p__Firmicutes|c__Clostridia|o__Lachnospirales|f__Lachnospiraceae|g__Mediterraneibacter|s__Ruminococcus_torques|t__SGB4608,0.12533248617491094
k__Bacteria|p__Bacteroidota|c__Bacteroidia|o__Bacteroidales|f__Odoribacteraceae|g__Odoribacter|s__Odoribacter_laneus|t__SGB1792,k__Bacteria|p__Firmicutes|c__Clostridia|o__Eubacteriales|f__Oscillospiraceae|g__GGB9636|s__GGB9636_SGB15107|t__SGB15107,0.050031206166831876
k__Bacteria|p__Firmicutes|c__Clostridia|o__Eubacteriales|f__Oscillospiraceae|g__Oscillospiraceae_unclassified|s__Eubacterium_siraeum|t__SGB4198,k__Bacteria|p__Firmicutes|c__Clostridia|o__Eubacteriales|f__Clostridiaceae|g__GGB3478|s__GGB3478_SGB4643|t__SGB4643,0.028380689988462493
k__Bacteria|p__Firmicutes|c__Clostridia|o__Eubacteriales|f__Clostridiaceae|g__Clostridium|s__Clostridium_sp_AM22_11AC|t__SGB4749,k__Bacteria|p__Firmicutes|c__Negativicutes|o__Acidaminococcales|f__Acidaminococcaceae|g__Acidaminococcus|s__Acidaminococcus_intestini|t__SGB5736,0.282417722749722
k__Bacteria|p__Firmicutes|c__Clostridia|o__Eubacteriales|f__Clostridiaceae|g__Clostridium|s__Clostridium_sp_AF36_4|t__SGB4644,k__Bacteria|p__Firmicutes|c__CFGB79315|o__OFGB79315|f__FGB79315|g__GGB9758|s__GGB9758_SGB15368|t__SGB15368,0.06725171379408673
k__Bacteria|p__Firmicutes|c__Clostridia|o__Eubacteriales|f__Clostridiaceae|g__Clostridium|s__Clostridium_sp_AF36_4|t__SGB4644,k__Bacteria|p__Firmicutes|c__Clostridia|o__Lachnospirales|f__Lachnospiraceae|g__Roseburia|s__Roseburia_intestinalis|t__SGB4951,0.06371964858426504
k__Bacteria|p__Firmicutes|c__Clostridia|o__Eubacteriales|f__Oscillospiraceae|g__GGB9634|s__GGB9634_SGB15093|t__SGB15093,k__Bacteria|p__Firmicutes|c__CFGB2982|o__OFGB2982|f__FGB2982|g__GGB9342|s__GGB9342_SGB14306|t__SGB14306,0.2560473029435285
k__Bacteria|p__Firmicutes|c__Clostridia|o__Eubacteriales|f__Oscillospiraceae|g__GGB9636|s__GGB9636_SGB15107|t__SGB15107,k__Bacteria|p__Firmicutes|c__CFGB9345|o__OFGB9345|f__FGB9345|g__GGB9345|s__GGB9345_SGB14311|t__SGB14311,0.2692079815718307
k__Bacteria|p__Firmicutes|c__Clostridia|o__Eubacteriales|f__Oscillospiraceae|g__GGB9636|s__GGB9636_SGB15107|t__SGB15107,k__Bacteria|p__Firmicutes|c__Clostridia|o__Lachnospirales|f__Lachnospiraceae|g__Dorea|s__Dorea_longicatena|t__SGB4581,0.021662621755166422
k__Bacteria|p__Firmicutes|c__Clostridia|o__Eubacteriales|f__Oscillospiraceae|g__GGB9708|s__GGB9708_SGB15236|t__SGB15236,k__Bacteria|p__Firmicutes|c__CFGB9345|o__OFGB9345|f__FGB9345|g__GGB9345|s__GGB9345_SGB14311|t__SGB14311,0.01791831330436522
k__Bacteria|p__Bacteroidota|c__Bacteroidia|o__Bacteroidales|f__Bacteroidaceae|g__Bacteroides|s__Bacteroides_finegoldii|t__SGB1862,k__Bacteria|p__Bacteroidota|c__Bacteroidia|o__Bacteroidales|f__Barnesiellaceae|g__Coprobacter|s__Coprobacter_fastidiosus|t__SGB1963,0.15788853753314114
k__Bacteria|p__Firmicutes|c__Clostridia|o__Lachnospirales|f__Lachnospiraceae|g__Mediterraneibacter|s__Ruminococcus_torques|t__SGB4608,k__Bacteria|p__Firmicutes|c__Clostridia|o__Eubacteriales|f__Oscillospiraceae|g__Dysosmobacter|s__Dysosmobacter_welbionis|t__SGB15078,0.0937464284329354
k__Bacteria|p__Firmicutes|c__Clostridia|o__Lachnospirales|f__Lachnospiraceae|g__Mediterraneibacter|s__Ruminococcus_torques|t__SGB4608,k__Bacteria|p__Bacteroidota|c__Bacteroidia|o__Bacteroidales|f__Bacteroidaceae|g__Bacteroides|s__Bacteroides_thetaiotaomicron|t__SGB1861,0.06548839877692764
k__Bacteria|p__Firmicutes|c__Clostridia|o__Lachnospirales|f__Lachnospiraceae|g__Mediterraneibacter|s__Ruminococcus_torques|t__SGB4608,k__Bacteria|p__Firmicutes|c__Clostridia|o__Eubacteriales|f__Oscillospiraceae|g__Flavonifractor|s__Flavonifractor_plautii|t__SGB15132,0.014795252451764829
k__Bacteria|p__Bacteroidota|c__Bacteroidia|o__Bacteroidales|f__Rikenellaceae|g__Alistipes|s__Alistipes_senegalensis|t__SGB2296,k__Bacteria|p__Pseudomonadota|c__Betaproteobacteria|o__Burkholderiales|f__Sutterellaceae|g__Parasutterella|s__Parasutterella_SGB9260|t__SGB9260,0.0011893009490653306
k__Bacteria|p__Firmicutes|c__Clostridia|o__Lachnospirales|f__Lachnospiraceae|g__GGB74412|s__GGB74412_SGB5075|t__SGB5075,k__Bacteria|p__Bacteroidota|c__Bacteroidia|o__Bacteroidales|f__Odoribacteraceae|g__Butyricimonas|s__Butyricimonas_faecalis|t__SGB1782,0.06872234268430871
k__Bacteria|p__Firmicutes|c__Clostridia|o__Lachnospirales|f__Lachnospiraceae|g__GGB74412|s__GGB74412_SGB5075|t__SGB5075,k__Bacteria|p__Firmicutes|c__Clostridia|o__Eubacteriales|f__Oscillospiraceae|g__GGB9621|s__GGB9621_SGB15073|t__SGB15073,0.13145677307592024
k__Bacteria|p__Firmicutes|c__Clostridia|o__Lachnospirales|f__Lachnospiraceae|g__GGB74412|s__GGB74412_SGB5075|t__SGB5075,k__Bacteria|p__Bacteroidota|c__Bacteroidia|o__Bacteroidales|f__Barnesiellaceae|g__Barnesiella|s__Barnesiella_intestinihominis|t__SGB1965,-0.059655261507915336
k__Bacteria|p__Firmicutes|c__Negativicutes|o__Acidaminococcales|f__Acidaminococcaceae|g__Acidaminococcus|s__Acidaminococcus_intestini|t__SGB5736,k__Bacteria|p__Thermodesulfobacteriota|c__Desulfovibrionia|o__Desulfovibrionales|f__Desulfovibrionaceae|g__Bilophila|s__Bilophila_wadsworthia|t__SGB15452,2.3371139918082484e-4
k__Bacteria|p__Firmicutes|c__Clostridia|o__Eubacteriales|f__Oscillospiraceae|g__Oscillospiraceae_unclassified|s__Oscillospiraceae_bacterium|t__SGB4247,k__Bacteria|p__Firmicutes|c__CFGB79315|o__OFGB79315|f__FGB79315|g__GGB9758|s__GGB9758_SGB15368|t__SGB15368,0.10179100587968448
k__Bacteria|p__Firmicutes|c__Clostridia|o__Eubacteriales|f__Oscillospiraceae|g__Oscillospiraceae_unclassified|s__Oscillospiraceae_bacterium|t__SGB4247,k__Bacteria|p__Pseudomonadota|c__CFGB10055|o__OFGB10055|f__FGB10055|g__GGB6606|s__GGB6606_SGB9340|t__SGB9340,0.12354486204848092
k__Bacteria|p__Firmicutes|c__Clostridia|o__Lachnospirales|f__Lachnospiraceae|g__Coprococcus|s__Coprococcus_comes|t__SGB4577,k__Bacteria|p__Firmicutes|c__Clostridia|o__Lachnospirales|f__Lachnospiraceae|g__Dorea|s__Dorea_longicatena|t__SGB4581,0.12223550583284187
k__Bacteria|p__Firmicutes|c__Clostridia|o__Eubacteriales|f__Oscillospiraceae|g__Dysosmobacter|s__Dysosmobacter_welbionis|t__SGB15078,k__Bacteria|p__Firmicutes|c__Clostridia|o__Eubacteriales|f__Eubacteriales_unclassified|g__Intestinimonas|s__Intestinimonas_butyriciproducens|t__SGB15126,0.09759852219463533
k__Bacteria|p__Firmicutes|c__Clostridia|o__Eubacteriales|f__Oscillospiraceae|g__Dysosmobacter|s__Dysosmobacter_welbionis|t__SGB15078,k__Bacteria|p__Firmicutes|c__Clostridia|o__Eubacteriales|f__Oscillospiraceae|g__GGB9699|s__GGB9699_SGB15216|t__SGB15216,0.04252612060306088
k__Bacteria|p__Firmicutes|c__Clostridia|o__Eubacteriales|f__Oscillospiraceae|g__Dysosmobacter|s__Dysosmobacter_welbionis|t__SGB15078,k__Bacteria|p__Thermodesulfobacteriota|c__Desulfovibrionia|o__Desulfovibrionales|f__Desulfovibrionaceae|g__Bilophila|s__Bilophila_wadsworthia|t__SGB15452,0.1499184160847321
k__Bacteria|p__Firmicutes|c__Clostridia|o__Eubacteriales|f__Oscillospiraceae|g__Dysosmobacter|s__Dysosmobacter_welbionis|t__SGB15078,k__Bacteria|p__Pseudomonadota|c__Betaproteobacteria|o__Burkholderiales|f__Sutterellaceae|g__Parasutterella|s__Parasutterella_SGB9260|t__SGB9260,0.026271999778655686
k__Bacteria|p__Firmicutes|c__Clostridia|o__Eubacteriales|f__Oscillospiraceae|g__Dysosmobacter|s__Dysosmobacter_welbionis|t__SGB15078,k__Bacteria|p__Firmicutes|c__Clostridia|o__Eubacteriales|f__Oscillospiraceae|g__Flavonifractor|s__Flavonifractor_plautii|t__SGB15132,0.11544288790656293
k__Bacteria|p__Firmicutes|c__Clostridia|o__Eubacteriales|f__Eubacteriales_incertae_sedis|g__Candidatus_Cibionibacter|s__Candidatus_Cibionibacter_quicibialis|t__SGB15286,k__Bacteria|p__Bacteroidota|c__Bacteroidia|o__Bacteroidales|f__Barnesiellaceae|g__Coprobacter|s__Coprobacter_fastidiosus|t__SGB1963,0.15550863649521734
k__Bacteria|p__Firmicutes|c__Clostridia|o__Eubacteriales|f__Clostridiaceae|g__GGB3478|s__GGB3478_SGB4643|t__SGB4643,k__Bacteria|p__Firmicutes|c__Clostridia|o__Eubacteriales|f__Oscillospiraceae|g__GGB9621|s__GGB9621_SGB15073|t__SGB15073,0.015919776816050668
k__Bacteria|p__Firmicutes|c__Clostridia|o__Eubacteriales|f__Eubacteriaceae|g__Eubacterium|s__Eubacterium_ramulus|t__SGB4959,k__Bacteria|p__Firmicutes|c__Clostridia|o__Eubacteriales|f__Oscillospiraceae|g__Lawsonibacter|s__Lawsonibacter_asaccharolyticus|t__SGB15154,0.044862498697358755
k__Bacteria|p__Firmicutes|c__Clostridia|o__Eubacteriales|f__Eubacteriaceae|g__Eubacterium|s__Eubacterium_ramulus|t__SGB4959,k__Bacteria|p__Bacteroidota|c__Bacteroidia|o__Bacteroidales|f__Odoribacteraceae|g__Odoribacter|s__Odoribacter_splanchnicus|t__SGB1790,-0.07275775355191844
k__Bacteria|p__Firmicutes|c__Clostridia|o__Lachnospirales|f__Lachnospiraceae|g__Dorea|s__Dorea_longicatena|t__SGB4581,k__Bacteria|p__Firmicutes|c__Clostridia|o__Eubacteriales|f__Beduinellaceae|g__GGB9760|s__GGB9760_SGB15374|t__SGB15374,0.03151715406116029
k__Bacteria|p__Bacteroidota|c__Bacteroidia|o__Bacteroidales|f__Bacteroidaceae|g__Phocaeicola|s__Phocaeicola_vulgatus|t__SGB1814,k__Bacteria|p__Bacteroidota|c__Bacteroidia|o__Bacteroidales|f__Tannerellaceae|g__Parabacteroides|s__Parabacteroides_distasonis|t__SGB1934,0.06705442608968559
k__Bacteria|p__Bacteroidota|c__Bacteroidia|o__Bacteroidales|f__Rikenellaceae|g__Alistipes|s__Alistipes_communis|t__SGB2290,k__Bacteria|p__Bacteroidota|c__Bacteroidia|o__Bacteroidales|f__Rikenellaceae|g__Alistipes|s__Alistipes_ihumii|t__SGB2328,0.07753061116240173
k__Bacteria|p__Firmicutes|c__Clostridia|o__Eubacteriales|f__Eubacteriales_unclassified|g__Intestinimonas|s__Intestinimonas_butyriciproducens|t__SGB15126,k__Bacteria|p__Thermodesulfobacteriota|c__Desulfovibrionia|o__Desulfovibrionales|f__Desulfovibrionaceae|g__Bilophila|s__Bilophila_wadsworthia|t__SGB15452,0.014113728706225459
k__Bacteria|p__Bacteroidota|c__Bacteroidia|o__Bacteroidales|f__Bacteroidaceae|g__Bacteroides|s__Bacteroides_xylanisolvens|t__SGB1867,k__Bacteria|p__Bacteroidota|c__Bacteroidia|o__Bacteroidales|f__Tannerellaceae|g__Parabacteroides|s__Parabacteroides_distasonis|t__SGB1934,0.06253787827233204
k__Bacteria|p__Bacteroidota|c__CFGB658|o__OFGB658|f__FGB658|g__GGB1627|s__GGB1627_SGB2230|t__SGB2230,k__Bacteria|p__Firmicutes|c__Clostridia|o__Lachnospirales|f__Lachnospiraceae|g__Lachnospira|s__Lachnospira_pectinoschiza|t__SGB5089,0.23481255865345896
k__Bacteria|p__Firmicutes|c__Clostridia|o__Eubacteriales|f__Oscillospiraceae|g__Oscillibacter|s__Oscillibacter_sp_ER4|t__SGB15254,k__Bacteria|p__Firmicutes|c__Clostridia|o__Eubacteriales|f__Oscillospiraceae|g__GGB9707|s__GGB9707_SGB15229|t__SGB15229,0.054897681074842
k__Bacteria|p__Firmicutes|c__Clostridia|o__Eubacteriales|f__Oscillospiraceae|g__Oscillibacter|s__Oscillibacter_sp_ER4|t__SGB15254,k__Bacteria|p__Bacteroidota|c__Bacteroidia|o__Bacteroidales|f__Odoribacteraceae|g__Odoribacter|s__Odoribacter_splanchnicus|t__SGB1790,-0.04609188378937834
k__Bacteria|p__Firmicutes|c__CFGB2982|o__OFGB2982|f__FGB2982|g__GGB9342|s__GGB9342_SGB14306|t__SGB14306,k__Bacteria|p__Bacteroidota|c__CFGB667|o__OFGB667|f__FGB667|g__GGB1662|s__GGB1662_SGB2276|t__SGB2276,0.16113101711150762
k__Bacteria|p__Firmicutes|c__CFGB2982|o__OFGB2982|f__FGB2982|g__GGB9342|s__GGB9342_SGB14306|t__SGB14306,k__Bacteria|p__Firmicutes|c__CFGB1354|o__OFGB1354|f__FGB1354|g__GGB3304|s__GGB3304_SGB4367|t__SGB4367,0.004235701495126087
k__Bacteria|p__Firmicutes|c__Clostridia|o__Eubacteriales|f__Beduinellaceae|g__GGB9760|s__GGB9760_SGB15374|t__SGB15374,k__Bacteria|p__Firmicutes|c__Clostridia|o__Lachnospirales|f__Lachnospiraceae|g__Blautia|s__Blautia_wexlerae|t__SGB4837,0.06798510857867679
k__Bacteria|p__Firmicutes|c__Clostridia|o__Lachnospirales|f__Lachnospiraceae|g__Lachnospiraceae_unclassified|s__Lachnospiraceae_bacterium_AM53_6|t__SGB4648,k__Bacteria|p__Pseudomonadota|c__CFGB10055|o__OFGB10055|f__FGB10055|g__GGB6606|s__GGB6606_SGB9340|t__SGB9340,0.1968023695892892
k__Bacteria|p__Firmicutes|c__Clostridia|o__Eubacteriales|f__Oscillospiraceae|g__GGB9707|s__GGB9707_SGB15229|t__SGB15229,k__Bacteria|p__Firmicutes|c__CFGB3062|o__OFGB3062|f__FGB3062|g__GGB9747|s__GGB9747_SGB15356|t__SGB15356,0.08625110249760792
k__Bacteria|p__Firmicutes|c__Clostridia|o__Eubacteriales|f__Oscillospiraceae|g__GGB9699|s__GGB9699_SGB15216|t__SGB15216,k__Bacteria|p__Firmicutes|c__Clostridia|o__Eubacteriales|f__Clostridiaceae|g__Clostridiaceae_unclassified|s__Clostridiaceae_bacterium|t__SGB4721,0.27293680380354046
k__Bacteria|p__Firmicutes|c__Clostridia|o__Eubacteriales|f__Oscillospiraceae|g__GGB9699|s__GGB9699_SGB15216|t__SGB15216,k__Bacteria|p__Firmicutes|c__Clostridia|o__Eubacteriales|f__Oscillospiraceae|g__Flavonifractor|s__Flavonifractor_plautii|t__SGB15132,0.0012750289303276041
k__Bacteria|p__Bacteroidota|c__Bacteroidia|o__Bacteroidales|f__Barnesiellaceae|g__Coprobacter|s__Coprobacter_fastidiosus|t__SGB1963,k__Bacteria|p__Bacteroidota|c__Bacteroidia|o__Bacteroidales|f__Odoribacteraceae|g__Odoribacter|s__Odoribacter_splanchnicus|t__SGB1790,0.003599881913332159
k__Bacteria|p__Bacteroidota|c__Bacteroidia|o__Bacteroidales|f__Odoribacteraceae|g__Odoribacter|s__Odoribacter_splanchnicus|t__SGB1790,k__Bacteria|p__Bacteroidota|c__Bacteroidia|o__Bacteroidales|f__Barnesiellaceae|g__Barnesiella|s__Barnesiella_intestinihominis|t__SGB1965,0.013350070697635052
k__Bacteria|p__Thermodesulfobacteriota|c__Desulfovibrionia|o__Desulfovibrionales|f__Desulfovibrionaceae|g__Bilophila|s__Bilophila_wadsworthia|t__SGB15452,k__Bacteria|p__Pseudomonadota|c__Betaproteobacteria|o__Burkholderiales|f__Sutterellaceae|g__Parasutterella|s__Parasutterella_SGB9260|t__SGB9260,0.00794524115260703
k__Bacteria|p__Thermodesulfobacteriota|c__Desulfovibrionia|o__Desulfovibrionales|f__Desulfovibrionaceae|g__Bilophila|s__Bilophila_wadsworthia|t__SGB15452,k__Bacteria|p__Firmicutes|c__Clostridia|o__Eubacteriales|f__Oscillospiraceae|g__Flavonifractor|s__Flavonifractor_plautii|t__SGB15132,0.07087249596580852
